HB,Month,TotalPatientsSeen,TotalPatientsSeenQF,NumberOfPatientsSeen0To18Weeks,NumberOfPatientsSeen0To18WeeksQF,NumberOfPatientsSeen19To35Weeks,NumberOfPatientsSeen19To35WeeksQF,NumberOfPatientsSeen36To52Weeks,NumberOfPatientsSeen36To52WeeksQF,NumberOfPatientsSeenOver52Weeks,NumberOfPatientsSeenOver52WeeksQF,MedianWeeksPatientsSeen,MedianWeeksPatientsSeenQF,90thPercentileWeeksPatientsSeen,90thPercentileWeeksPatientsSeenQF
S08000015,202212,201,,194,,6,,0,,1,,12,,14,
S08000016,202212,,:,,:,,:,,:,,:,,:,,:
S08000017,202212,61,,60,,0,,1,,0,,4,,10,
S08000019,202212,53,,32,,5,,0,,16,,16,,89,
S08000020,202212,100,,98,,1,,1,,0,,6,,9,
S08000022,202212,52,,35,,12,,1,,4,,3,,35,
S08000024,202212,114,,59,,15,,14,,26,,16,,94,
S08000025,202212,,:,,:,,:,,:,,:,,:,,:
S08000026,202212,7,,7,,0,,0,,0,,3,,11,
S08000028,202212,12,,12,,0,,0,,0,,2,,3,
S08000029,202212,123,,73,,42,,8,,0,,10,,32,
S08000030,202212,84,,62,,21,,1,,0,,11,,23,
S08000031,202212,433,,411,,2,,20,,0,,4,,15,
S08000032,202212,156,,30,,5,,15,,106,,60,,80,
S92000003,202212,1396,d,1073,d,109,d,61,d,153,d,8,,58,
S08000015,202211,315,,201,,114,,0,,0,,15,,23,
S08000016,202211,,:,,:,,:,,:,,:,,:,,:
S08000017,202211,94,,91,,1,,1,,1,,5,,7,
S08000019,202211,81,,27,,22,,11,,21,,31,,83,
S08000020,202211,120,,117,,3,,0,,0,,7,,10,
S08000022,202211,123,,70,,9,,7,,37,,10,,105,
S08000024,202211,254,,136,,36,,35,,47,,15,,80,
S08000025,202211,,:,,:,,:,,:,,:,,:,,:
S08000026,202211,11,,10,,1,,0,,0,,12,,17,
S08000028,202211,18,,18,,0,,0,,0,,3,,5,
S08000029,202211,116,,83,,24,,9,,0,,7,,31,
S08000030,202211,136,,88,,45,,1,,2,,11,,24,
S08000031,202211,664,,606,,29,,28,,1,,5,,18,
S08000032,202211,247,,46,,5,,3,,193,,75,,86,
S92000003,202211,2179,d,1493,d,289,d,95,d,302,d,10,,73,
S08000015,202210,139,,85,,54,,0,,0,,17,,23,
S08000016,202210,38,,10,,9,,17,,2,,35,,40,
S08000017,202210,77,,76,,0,,0,,1,,3,,6,
S08000019,202210,74,,20,,19,,14,,21,,33,,93,
S08000020,202210,93,,89,,3,,1,,0,,7,,13,
S08000022,202210,67,,49,,8,,4,,6,,4,,49,
S08000024,202210,280,,191,,22,,29,,38,,4,,56,
S08000025,202210,,:,,:,,:,,:,,:,,:,,:
S08000026,202210,6,,6,,0,,0,,0,,3,,18,
S08000028,202210,14,,14,,0,,0,,0,,2,,7,
S08000029,202210,114,,88,,20,,6,,0,,5,,35,
S08000030,202210,119,,76,,43,,0,,0,,15,,21,
S08000031,202210,647,,545,,60,,42,,0,,8,,30,
S08000032,202210,189,,37,,8,,7,,137,,85,,105,
S92000003,202210,1857,d,1286,d,246,d,120,d,205,d,9,,59,
S08000015,202209,107,,72,,34,,0,,1,,14,,21,
S08000016,202209,46,,13,,3,,27,,3,,40,,43,
S08000017,202209,59,,55,,3,,0,,1,,2,,12,
S08000019,202209,77,,26,,10,,10,,31,,39,,79,
S08000020,202209,89,,86,,3,,0,,0,,10,,13,
S08000022,202209,81,,65,,9,,3,,4,,3,,30,
S08000024,202209,276,,189,,24,,24,,39,,3,,69,
S08000025,202209,,:,,:,,:,,:,,:,,:,,:
S08000026,202209,10,,10,,0,,0,,0,,7,,14,
S08000028,202209,9,,9,,0,,0,,0,,2,,8,
S08000029,202209,113,,82,,22,,9,,0,,6,,35,
S08000030,202209,121,,88,,29,,2,,2,,17,,22,
S08000031,202209,608,r,513,,75,,20,,0,r,5,,23,
S08000032,202209,213,,54,,3,,22,,134,,80,,105,
S92000003,202209,1809,d r,1262,d,215,d,117,d,215,d r,8,,65,
S08000015,202208,113,,101,,12,,0,,0,,13,,19,
S08000016,202208,53,,19,,7,,21,,6,,40,,54,
S08000017,202208,69,,69,,0,,0,,0,,2,,8,
S08000019,202208,69,,16,,7,,3,,43,,66,,87,
S08000020,202208,82,,81,,0,,1,,0,,11,,12,
S08000022,202208,69,,51,,7,,2,,9,,3,,70,
S08000024,202208,263,,142,,34,,25,,62,,15,,73,
S08000025,202208,,:,,:,,:,,:,,:,,:,,:
S08000026,202208,10,,10,,0,,0,,0,,7,,13,
S08000028,202208,11,,11,,0,,0,,0,,2,,13,
S08000029,202208,100,,73,,13,,11,,3,,7,,41,
S08000030,202208,100,,68,,26,,2,,4,,17,,21,
S08000031,202208,665,,452,,173,,38,,2,,11,,27,
S08000032,202208,110,,45,,8,,1,,56,,60,,105,
S92000003,202208,1714,d,1138,d,287,d,104,d,185,d,12,,58,
S08000015,202207,81,,71,,9,,0,,1,,10,,19,
S08000016,202207,33,,10,,1,,18,,4,,46,,55,
S08000017,202207,69,,69,,0,,0,,0,,3,,7,
S08000019,202207,31,,14,,3,,1,,13,,22,,100,
S08000020,202207,70,,65,,5,,0,,0,,10,,14,
S08000022,202207,55,,50,,2,,0,,3,,3,,18,
S08000024,202207,268,,182,,34,,17,,35,,4,,64,
S08000025,202207,,:,,:,,:,,:,,:,,:,,:
S08000026,202207,6,,6,,0,,0,,0,,5,,14,
S08000028,202207,7,,7,,0,,0,,0,,1,,11,
S08000029,202207,115,,65,,13,,33,,4,,11,,50,
S08000030,202207,74,,41,,31,,0,,2,,17,,24,
S08000031,202207,632,,389,,178,,57,,8,,11,,36,
S08000032,202207,26,,20,,1,,0,,5,,4,,91,
S92000003,202207,1467,d,989,d,277,d,126,d,75,d,9,,46,
S08000015,202206,106,,104,,2,,0,,0,,10,,18,
S08000016,202206,34,,10,,1,,13,,10,,51,,65,
S08000017,202206,98,,90,,5,,1,,2,,3,,13,
S08000019,202206,53,,17,,1,,0,,35,,78,,105,
S08000020,202206,110,,107,,2,,1,,0,,11,,15,
S08000022,202206,72,,58,,8,,3,,3,,5,,34,
S08000024,202206,271,,173,,65,,12,,21,,13,,43,
S08000025,202206,9,,7,,2,,0,,0,,9,,23,
S08000026,202206,12,,11,,1,,0,,0,,8,,18,
S08000028,202206,11,,11,,0,,0,,0,,2,,5,
S08000029,202206,118,,80,,11,,14,,13,,9,,53,
S08000030,202206,93,,71,,20,,1,,1,,13,,22,
S08000031,202206,696,,457,,211,,28,,0,,8,,29,
S08000032,202206,52,,38,,4,,4,,6,,5,,61,
S92000003,202206,1735,d,1234,d,333,d,77,d,91,d,10,,35,
S08000015,202205,142,,139,,2,,0,,1,,12,,17,
S08000016,202205,34,,14,,6,,9,,5,,27,,53,
S08000017,202205,104,,99,,2,,1,,2,,6,,10,
S08000019,202205,48,,15,,3,,1,,29,,67,,97,
S08000020,202205,96,,92,,4,,0,,0,,11,,16,
S08000022,202205,72,,63,,3,,2,,4,,2,,21,
S08000024,202205,282,,178,,63,,13,,28,,10,,51,
S08000025,202205,6,,5,,1,,0,,0,,8,,33,
S08000026,202205,11,,11,,0,,0,,0,,17,,18,
S08000028,202205,16,,16,,0,,0,,0,,2,,8,
S08000029,202205,138,,93,,7,,21,,17,,8,,56,
S08000030,202205,101,,80,,20,,1,,0,,11,,24,
S08000031,202205,839,,458,,316,,62,,3,,13,,33,
S08000032,202205,55,,34,,5,,9,,7,,9,,64,
S92000003,202205,1944,d,1297,d,432,d,119,d,96,d,11,,37,
S08000015,202204,127,,120,,6,,1,,0,,10,,18,
S08000016,202204,27,,8,,0,,7,,12,,49,,56,
S08000017,202204,63,,57,,3,,0,,3,,7,,12,
S08000019,202204,22,,12,,0,,0,,10,,12,,78,
S08000020,202204,79,r,71,r,7,r,1,,0,,10,,19,
S08000022,202204,35,,27,,4,,1,,3,,5,,49,
S08000024,202204,200,,141,,23,,8,,28,,7,,77,
S08000025,202204,8,,7,,1,,0,,0,,5,,24,
S08000026,202204,3,,2,,1,,0,,0,,17,,19,
S08000028,202204,14,,14,,0,,0,,0,,3,,8,
S08000029,202204,100,,83,,7,,2,,8,,5,,33,
S08000030,202204,99,,76,,22,,0,,1,,10,,23,
S08000031,202204,701,,373,,203,,124,,1,,14,,42,
S08000032,202204,48,,33,,5,,1,,9,,3,,73,
S92000003,202204,1526,d r,1024,d r,282,d r,145,d,75,d,9,,42,
S08000015,202203,184,,182,,1,,0,,1,,10,,15,
S08000016,202203,33,,12,,1,,4,,16,,50,,62,
S08000017,202203,91,,87,,4,,0,,0,,5,,10,
S08000019,202203,19,,14,,0,,0,,5,,1,,101,
S08000020,202203,107,r,100,r,7,r,0,,0,,11,,16,
S08000022,202203,88,,75,,2,,3,,8,,3,,52,
S08000024,202203,224,,153,,35,,9,,27,,8,,72,
S08000025,202203,,:,,:,,:,,:,,:,,:,,:
S08000026,202203,8,,8,,0,,0,,0,,1,,17,
S08000028,202203,12,,12,,0,,0,,0,,3,,7,
S08000029,202203,163,,115,,36,,1,,11,,7,,23,
S08000030,202203,98,,77,,17,,1,,3,,8,,22,
S08000031,202203,737,,451,,69,,215,,2,,13,,46,
S08000032,202203,53,,43,,4,,3,,3,,3,,40,
S92000003,202203,1817,d r,1329,d r,176,d r,236,d,76,d,8,,45,
S08000015,202202,155,,149,,5,,1,,0,,11,,14,
S08000016,202202,21,,10,,1,,1,,9,,23,,62,
S08000017,202202,54,,51,,2,,0,,1,,5,,9,
S08000019,202202,21,,15,,1,,0,,5,,1,,86,
S08000020,202202,147,,142,,4,,1,,0,,11,,14,
S08000022,202202,71,,53,,8,,3,,7,,5,,37,
S08000024,202202,228,,143,,30,,10,,45,,12,,99,
S08000025,202202,,:,,:,,:,,:,,:,,:,,:
S08000026,202202,8,,8,,0,,0,,0,,3,,17,
S08000028,202202,8,,8,,0,,0,,0,,3,,7,
S08000029,202202,150,,102,,40,,2,,6,,8,,24,
S08000030,202202,72,,59,,11,,1,,1,,7,,20,
S08000031,202202,608,,368,,67,,153,,20,,8,,48,
S08000032,202202,64,,47,,5,,6,,6,,9,,52,
S92000003,202202,1607,d,1155,d,174,d,178,d,100,d,10,,43,
S08000015,202201,114,,111,,3,,0,,0,,10,,16,
S08000016,202201,28,,19,,5,,2,,2,,8,,51,
S08000017,202201,66,,54,,8,,2,,2,,8,,32,
S08000019,202201,24,,14,,3,,2,,5,,8,,91,
S08000020,202201,114,,110,,4,,0,,0,,11,,17,
S08000022,202201,59,,50,,4,,3,,2,,7,,30,
S08000024,202201,263,,155,,19,,8,,81,,11,,105,
S08000025,202201,,:,,:,,:,,:,,:,,:,,:
S08000026,202201,5,,5,,0,,0,,0,,4,,18,
S08000028,202201,7,,7,,0,,0,,0,,1,,6,
S08000029,202201,134,,93,,30,,3,,8,,8,,29,
S08000030,202201,101,,87,,7,,4,,3,,7,,19,
S08000031,202201,567,,383,,48,,124,,12,,6,,45,
S08000032,202201,48,,42,,2,,2,,2,,4,,24,
S92000003,202201,1530,d,1130,d,133,d,150,d,117,d,8,,48,
S08000015,202112,95,,95,,0,,0,,0,,8,,14,
S08000016,202112,20,,13,,6,,0,,1,,5,,30,
S08000017,202112,82,,51,,26,,3,,2,,11,,29,
S08000019,202112,26,,18,,2,,2,,4,,1,,92,
S08000020,202112,96,,94,,1,,1,,0,,8,,11,
S08000022,202112,83,,68,,7,,2,,6,,3,,35,
S08000024,202112,195,b,117,b,25,b,7,b,46,b,9,,104,
S08000025,202112,,:,,:,,:,,:,,:,,:,,:
S08000026,202112,8,,8,,0,,0,,0,,3,,16,
S08000028,202112,14,,14,,0,,0,,0,,1,,4,
S08000029,202112,110,,75,,18,,12,,5,,6,,40,
S08000030,202112,103,,95,,5,,2,,1,,5,,17,
S08000031,202112,486,,266,,63,,131,,26,,11,,45,
S08000032,202112,66,,47,,5,,4,,10,,5,,56,
S92000003,202112,1384,d,961,d,158,d,164,d,101,d,7,,45,
S08000015,202111,146,,132,,13,,0,,1,,7,,18,
S08000016,202111,34,,22,,4,,4,,4,,5,,63,
S08000017,202111,93,,63,,28,,1,,1,,11,,23,
S08000019,202111,34,,20,,3,,2,,9,,2,,92,
S08000020,202111,154,,150,,4,,0,,0,,8,,11,
S08000022,202111,105,,81,,6,,6,,12,,3,,73,
S08000024,202111,298,,181,,28,,21,,68,,9,,103,
S08000025,202111,,:,,:,,:,,:,,:,,:,,:
S08000026,202111,12,,12,,0,,0,,0,,6,,14,
S08000028,202111,15,,15,,0,,0,,0,,1,,5,
S08000029,202111,132,,94,,27,,6,,5,,8,,26,
S08000030,202111,122,,117,,2,,2,,1,,6,,15,
S08000031,202111,552,,319,,72,,146,,15,,11,,47,
S08000032,202111,101,,67,,11,,9,,14,,3,,76,
S92000003,202111,1798,d,1273,d,198,d,197,d,130,d,8,,48,
S08000015,202110,109,,101,,8,,0,,0,,6,,18,
S08000016,202110,16,,12,,2,,1,,1,,4,,37,
S08000017,202110,73,,38,,26,,8,,1,,18,,37,
S08000019,202110,51,,26,,3,,2,,20,,13,,85,
S08000020,202110,122,,110,,12,,0,,0,,9,,18,
S08000022,202110,44,,25,,7,,3,,9,,6,,80,
S08000024,202110,233,,175,,16,,10,,32,,2,,82,
S08000025,202110,,:,,:,,:,,:,,:,,:,,:
S08000026,202110,3,,3,,0,,0,,0,,1,,5,
S08000028,202110,6,,6,,0,,0,,0,,1,,4,
S08000029,202110,121,,92,,21,,5,,3,,6,,25,
S08000030,202110,104,,94,,4,,2,,4,,8,,18,
S08000031,202110,523,,316,,30,,169,,8,,7,,48,
S08000032,202110,72,,52,,8,,7,,5,,3,,48,
S92000003,202110,1477,d,1050,d,137,d,207,d,83,d,7,,47,
S08000015,202109,149,,149,,0,,0,,0,,7,,16,
S08000016,202109,17,,12,,1,,1,,3,,4,,81,
S08000017,202109,51,,18,,24,,8,,1,,22,,40,
S08000019,202109,30,,21,,3,,2,,4,,1,,54,
S08000020,202109,139,,128,,11,,0,,0,,10,,18,
S08000022,202109,56,,44,,5,,4,,3,,2,,42,
S08000024,202109,197,,149,,16,,8,,24,,4,,65,
S08000025,202109,,:,,:,,:,,:,,:,,:,,:
S08000026,202109,9,,9,,0,,0,,0,,11,,14,
S08000028,202109,9,,9,,0,,0,,0,,3,,5,
S08000029,202109,123,,101,,12,,9,,1,,6,,28,
S08000030,202109,141,,128,,9,,3,,1,,11,,17,
S08000031,202109,378,,298,,19,,61,,0,,3,,45,
S08000032,202109,57,,40,,7,,7,,3,,2,,43,
S92000003,202109,1356,d,1106,d,107,d,103,d,40,d,6,,39,
S08000015,202108,112,,111,,1,,0,,0,,8,,15,
S08000016,202108,33,,14,,3,,16,,0,,24,,40,
S08000017,202108,35,,15,,17,,1,,2,,20,,32,
S08000019,202108,26,,18,,2,,1,,5,,4,,81,
S08000020,202108,140,,136,,3,,1,,0,,11,,16,
S08000022,202108,55,,41,,4,,1,,9,,6,,82,
S08000024,202108,231,,151,,21,,18,,41,,7,,81,
S08000025,202108,,:,,:,,:,,:,,:,,:,,:
S08000026,202108,5,,5,,0,,0,,0,,14,,17,
S08000028,202108,9,,9,,0,,0,,0,,2,,4,
S08000029,202108,107,,95,,3,,9,,0,,7,,19,
S08000030,202108,121,,94,,24,,2,,1,,7,,24,
S08000031,202108,333,,250,,19,,60,,4,,5,,46,
S08000032,202108,51,,35,,4,,8,,4,,3,,47,
S92000003,202108,1258,d,974,d,101,d,117,d,66,d,8,,44,
S08000015,202107,120,,119,,1,,0,,0,,7,,14,
S08000016,202107,27,,17,,1,,9,,0,,7,,45,
S08000017,202107,36,,14,,19,,1,,2,,19,,25,
S08000019,202107,31,,17,,4,,3,,7,,8,,74,
S08000020,202107,113,,108,,5,,0,,0,,11,,16,
S08000022,202107,59,,45,,4,,3,,7,,3,,58,
S08000024,202107,233,,149,,14,,15,,55,,5,,85,
S08000025,202107,,:,,:,,:,,:,,:,,:,,:
S08000026,202107,5,,5,,0,,0,,0,,9,,14,
S08000028,202107,10,,10,,0,,0,,0,,1,,5,
S08000029,202107,110,,89,,11,,8,,2,,7,,32,
S08000030,202107,90,,74,,12,,2,,2,,9,,24,
S08000031,202107,310,,223,,12,,71,,4,,5,,44,
S08000032,202107,75,,50,,4,,13,,8,,4,,60,
S92000003,202107,1219,d,920,d,87,d,125,d,87,d,7,,45,
S08000015,202106,129,,127,,1,,0,,1,,5,,12,
S08000016,202106,35,,19,,3,,12,,1,,13,,43,
S08000017,202106,40,,24,,14,,1,,1,,7,,22,
S08000019,202106,42,,25,,5,,1,,11,,8,,80,
S08000020,202106,170,,160,,9,,1,,0,,11,,16,
S08000022,202106,94,,60,,11,,10,,13,,5,,75,
S08000024,202106,237,,140,,22,,16,,59,,8,,77,
S08000025,202106,,:,,:,,:,,:,,:,,:,,:
S08000026,202106,5,,5,,0,,0,,0,,3,,15,
S08000028,202106,14,,14,,0,,0,,0,,2,,6,
S08000029,202106,132,,105,,9,,10,,8,,4,,40,
S08000030,202106,119,,101,,13,,2,,3,,7,,24,
S08000031,202106,418,,297,,29,,83,,9,,4,,47,
S08000032,202106,76,,56,,7,,4,,9,,3,,67,
S92000003,202106,1511,d,1133,d,123,d,140,d,115,d,5,,47,
S08000015,202105,103,,102,,1,,0,,0,,7,,14,
S08000016,202105,27,,13,,2,,9,,3,,24,,60,
S08000017,202105,47,,19,,19,,5,,4,,20,,49,
S08000019,202105,46,,24,,2,,2,,18,,13,,71,
S08000020,202105,140,,127,,13,,0,,0,,13,,18,
S08000022,202105,78,,58,,3,,6,,11,,4,,81,
S08000024,202105,298,,177,,32,,37,,52,,10,,67,
S08000025,202105,,:,,:,,:,,:,,:,,:,,:
S08000026,202105,11,,11,,0,,0,,0,,2,,10,
S08000028,202105,9,,9,,0,,0,,0,,4,,6,
S08000029,202105,143,,105,,18,,2,,18,,5,,62,
S08000030,202105,131,,97,,33,,1,,0,,8,,23,
S08000031,202105,425,,312,,27,,63,,23,,3,,43,
S08000032,202105,92,,56,,11,,7,,18,,5,,65,
S92000003,202105,1550,d,1110,d,161,d,132,d,147,d,7,,51,
S08000015,202104,111,,110,,1,,0,,0,,8,,13,
S08000016,202104,40,,23,,2,,13,,2,,12,,44,
S08000017,202104,44,,19,,24,,0,,1,,19,,27,
S08000019,202104,56,,29,,2,,3,,22,,10,,68,
S08000020,202104,123,,106,,17,,0,,0,,13,,19,
S08000022,202104,60,,38,,11,,6,,5,,5,,50,
S08000024,202104,297,,209,,19,,8,,61,,6,,76,
S08000025,202104,,:,,:,,:,,:,,:,,:,,:
S08000026,202104,12,,9,,3,,0,,0,,11,,23,
S08000028,202104,13,,13,,0,,0,,0,,3,,5,
S08000029,202104,136,,93,,15,,2,,26,,10,,72,
S08000030,202104,101,,83,,16,,1,,1,,9,,24,
S08000031,202104,434,,313,,29,,50,,42,,4,,52,
S08000032,202104,118,,52,,15,,15,,36,,27,,74,
S92000003,202104,1545,d,1097,d,154,d,98,d,196,d,8,,59,
S08000015,202103,123,,122,,1,,0,,0,,9,,14,
S08000016,202103,35,,14,,1,,13,,7,,40,,54,
S08000017,202103,42,,36,,3,,0,,3,,16,,21,
S08000019,202103,50,,26,,2,,0,,22,,12,,68,
S08000020,202103,112,,102,,10,,0,,0,,13,,18,
S08000022,202103,42,,30,,2,,3,,7,,4,,61,
S08000024,202103,203,,116,,24,,10,,53,,14,,92,
S08000025,202103,8,,8,,0,,0,,0,,14,,16,
S08000026,202103,13,,2,,11,,0,,0,,28,,34,
S08000028,202103,7,,7,,0,,0,,0,,2,,4,
S08000029,202103,159,,116,,20,,9,,14,,8,,51,
S08000030,202103,109,,93,,16,,0,,0,,7,,20,
S08000031,202103,527,,374,,37,,51,,65,,4,,54,
S08000032,202103,103,,57,,6,,9,,31,,12,,85,
S92000003,202103,1533,d,1103,d,133,d,95,d,202,d,8,,56,
S08000015,202102,103,,101,,2,,0,,0,,10,,14,
S08000016,202102,24,,11,,1,,3,,9,,20,,55,
S08000017,202102,46,,39,,3,,1,,3,,14,,25,
S08000019,202102,34,,13,,0,,0,,21,,60,,62,
S08000020,202102,88,,82,,6,,0,,0,,12,,17,
S08000022,202102,55,,47,,2,,1,,5,,3,,37,
S08000024,202102,197,,136,,14,,10,,37,,11,,63,
S08000025,202102,7,,5,,0,,1,,1,,10,,61,
S08000026,202102,3,,1,,1,,1,,0,,30,,36,
S08000028,202102,15,,15,,0,,0,,0,,3,,4,
S08000029,202102,109,,96,,9,,0,,4,,8,,20,
S08000030,202102,103,,85,,17,,0,,1,,13,,20,
S08000031,202102,464,,314,,68,,55,,27,,6,,50,
S08000032,202102,85,,59,,9,,4,,13,,3,,65,
S92000003,202102,1333,d,1004,d,132,d,76,d,121,d,9,,51,
S08000015,202101,81,,79,,1,,0,,1,,9,,14,
S08000016,202101,14,,10,,1,,3,,0,,7,,49,
S08000017,202101,43,,40,,3,,0,,0,,11,,15,
S08000019,202101,78,,16,,9,,11,,42,,58,,61,
S08000020,202101,102,,96,,5,,0,,1,,10,,18,
S08000022,202101,64,,44,,3,,1,,16,,8,,92,
S08000024,202101,182,,126,,17,,8,,31,,10,,75,
S08000025,202101,3,,3,,0,,0,,0,,9,,9,
S08000026,202101,5,,3,,2,,0,,0,,14,,28,
S08000028,202101,6,,6,,0,,0,,0,,3,,4,
S08000029,202101,100,,83,,12,,3,,2,,9,,21,
S08000030,202101,84,,73,,8,,1,,2,,10,,19,
S08000031,202101,481,,302,,51,,103,,25,,9,,49,
S08000032,202101,53,,39,,4,,6,,4,,3,,47,
S92000003,202101,1296,d,920,d,116,d,136,d,124,d,10,,52,
S08000015,202012,102,,102,,0,,0,,0,,5,,12,
S08000016,202012,14,,12,,0,,2,,0,,5,,38,
S08000017,202012,34,,34,,0,,0,,0,,10,,13,
S08000019,202012,63,,20,,2,,13,,28,,44,,61,
S08000020,202012,117,,110,,6,,1,,0,,8,,14,
S08000022,202012,45,,38,,3,,2,,2,,4,,25,
S08000024,202012,175,,118,,10,,12,,35,,7,,59,
S08000025,202012,4,,3,,0,,1,,0,,6,,43,
S08000026,202012,6,,6,,0,,0,,0,,2,,8,
S08000028,202012,10,,10,,0,,0,,0,,2,,5,
S08000029,202012,106,,91,,6,,7,,2,,9,,26,
S08000030,202012,81,,78,,1,,2,,0,,8,,16,
S08000031,202012,472,,270,,33,,119,,50,,11,,53,
S08000032,202012,46,,38,,4,,1,,3,,3,,34,
S92000003,202012,1275,d,930,d,65,d,160,d,120,d,8,,51,
S08000015,202011,130,,127,,3,,0,,0,,5,,11,
S08000016,202011,10,,8,,0,,2,,0,,1,,37,
S08000017,202011,31,,28,,1,,1,,1,,11,,18,
S08000019,202011,84,,30,,0,,16,,38,,46,,59,
S08000020,202011,130,,129,,1,,0,,0,,8,,10,
S08000022,202011,80,,52,,5,,11,,12,,6,,65,
S08000024,202011,238,,151,,21,,20,,46,,7,,77,
S08000025,202011,5,,3,,2,,0,,0,,11,,22,
S08000026,202011,6,,5,,1,,0,,0,,2,,20,
S08000028,202011,14,,14,,0,,0,,0,,1,,4,
S08000029,202011,106,,91,,6,,8,,1,,5,,35,
S08000030,202011,93,,89,,1,,2,,1,,6,,12,
S08000031,202011,502,,321,,36,,111,,34,,5,,46,
S08000032,202011,87,,57,,5,,16,,9,,5,,55,
S92000003,202011,1516,d,1105,d,82,d,187,d,142,d,7,,51,
S08000015,202010,72,,70,,1,,1,,0,,5,,9,
S08000016,202010,16,,14,,2,,0,,0,,4,,28,
S08000017,202010,37,,36,,1,,0,,0,,8,,10,
S08000019,202010,43,,21,,5,,1,,16,,25,,59,
S08000020,202010,104,,99,,4,,1,,0,,6,,13,
S08000022,202010,83,,62,,1,,11,,9,,4,,64,
S08000024,202010,173,,121,,12,,10,,30,,7,,65,
S08000025,202010,3,,3,,0,,0,,0,,4,,8,
S08000026,202010,4,,4,,0,,0,,0,,3,,5,
S08000028,202010,18,,18,,0,,0,,0,,2,,5,
S08000029,202010,102,,78,,17,,5,,2,,6,,33,
S08000030,202010,99,,89,,4,,6,,0,,6,,19,
S08000031,202010,478,,295,,51,,121,,11,,5,,45,
S08000032,202010,80,,54,,12,,12,,2,,3,,39,
S92000003,202010,1312,d,964,d,110,d,168,d,70,d,6,,45,
S08000015,202009,76,,70,,6,,0,,0,,3,,10,
S08000016,202009,12,,9,,1,,2,,0,,2,,40,
S08000017,202009,39,,36,,3,,0,,0,,6,,17,
S08000019,202009,88,,25,,9,,28,,26,,42,,59,
S08000020,202009,105,,96,,8,,1,,0,,4,,16,
S08000022,202009,94,,69,,5,,14,,6,,2,,51,
S08000024,202009,211,,134,,23,,16,,38,,8,,70,
S08000025,202009,11,,7,,1,,3,,0,,16,,48,
S08000026,202009,7,,7,,0,,0,,0,,5,,16,
S08000028,202009,18,,18,,0,,0,,0,,2,,5,
S08000029,202009,98,,69,,10,,12,,7,,7,,49,
S08000030,202009,144,,117,,23,,3,,1,,7,,26,
S08000031,202009,505,,263,,87,,129,,26,,13,,44,
S08000032,202009,84,,64,,12,,4,,4,,2,,34,
S92000003,202009,1492,d,984,d,188,d,212,d,108,d,6,,47,
S08000015,202008,69,,65,,3,,1,,0,,5,,13,
S08000016,202008,10,,8,,2,,0,,0,,1,,23,
S08000017,202008,26,,25,,1,,0,,0,,6,,18,
S08000019,202008,43,,16,,5,,8,,14,,36,,58,
S08000020,202008,125,,107,,16,,2,,0,,4,,23,
S08000022,202008,50,,36,,6,,7,,1,,2,,40,
S08000024,202008,146,,78,,25,,11,,32,,14,,70,
S08000025,202008,6,,5,,0,,1,,0,,8,,44,
S08000026,202008,6,,3,,2,,1,,0,,12,,36,
S08000028,202008,7,,7,,0,,0,,0,,2,,3,
S08000029,202008,90,,52,,15,,10,,13,,7,,55,
S08000030,202008,128,,60,,60,,7,,1,,20,,29,
S08000031,202008,468,,208,,69,,151,,40,,28,,49,
S08000032,202008,75,,44,,20,,9,,2,,6,,40,
S92000003,202008,1249,d,714,d,224,d,208,d,103,d,9,,49,
S08000015,202007,88,,79,,9,,0,,0,,4,,19,
S08000016,202007,10,,6,,4,,0,,0,,8,,25,
S08000017,202007,30,,23,,7,,0,,0,,5,,22,
S08000019,202007,51,,32,,4,,10,,5,,6,,51,
S08000020,202007,113,,91,,20,,2,,0,,5,,21,
S08000022,202007,54,,42,,4,,2,,6,,2,,59,
S08000024,202007,161,,96,,19,,8,,38,,6,,69,
S08000025,202007,4,,2,,2,,0,,0,,14,,35,
S08000026,202007,4,,2,,1,,1,,0,,2,,45,
S08000028,202007,7,,7,,0,,0,,0,,2,,3,
S08000029,202007,86,,54,,16,,4,,12,,9,,62,
S08000030,202007,124,,52,,67,,4,,1,,21,,28,
S08000031,202007,478,,220,,95,,123,,40,,30,,47,
S08000032,202007,89,,46,,26,,13,,4,,17,,42,
S92000003,202007,1299,d,752,d,274,d,167,d,106,d,7,,46,
S08000015,202006,75,,70,,5,,0,,0,,2,,17,
S08000016,202006,26,,8,,18,,0,,0,,26,,30,
S08000017,202006,29,,24,,5,,0,,0,,9,,26,
S08000019,202006,34,,18,,5,,11,,0,,14,,48,
S08000020,202006,95,,74,,14,,4,,3,,9,,31,
S08000022,202006,43,,32,,10,,1,,0,,4,,24,
S08000024,202006,247,,100,,46,,39,,62,,31,,72,
S08000025,202006,5,,4,,1,,0,,0,,5,,33,
S08000026,202006,9,,2,,7,,0,,0,,26,,34,
S08000028,202006,6,,6,,0,,0,,0,,1,,7,
S08000029,202006,82,,51,,14,,3,,14,,14,,69,
S08000030,202006,131,,62,,65,,4,,0,,20,,29,
S08000031,202006,460,,225,,70,,123,,42,,21,,51,
S08000032,202006,115,,46,,50,,19,,0,,21,,38,
S92000003,202006,1357,d,722,d,310,d,204,d,121,d,16,,49,
S08000015,202005,107,,99,,7,,0,,1,,8,,17,
S08000016,202005,12,,6,,6,,0,,0,,16,,32,
S08000017,202005,50,,46,,4,,0,,0,,9,,16,
S08000019,202005,13,,7,,5,,1,,0,,17,,22,
S08000020,202005,114,,83,,21,,6,,4,,11,,34,
S08000022,202005,45,,35,,6,,0,,4,,2,,34,
S08000024,202005,155,,78,,16,,3,,58,,18,,82,
S08000025,202005,3,,2,,1,,0,,0,,12,,24,
S08000026,202005,5,,2,,2,,1,,0,,27,,36,
S08000028,202005,2,,2,,0,,0,,0,,1,,1,
S08000029,202005,120,,89,,13,,5,,13,,14,,62,
S08000030,202005,80,,29,,50,,1,,0,,26,,34,
S08000031,202005,431,,212,,71,,64,,84,,21,,63,
S08000032,202005,103,,58,,30,,13,,2,,17,,42,
S92000003,202005,1240,d,748,d,232,d,94,d,166,d,14,,60,
S08000015,202004,113,,104,,8,,0,,1,,10,,17,
S08000016,202004,4,,4,,0,,0,,0,,6,,8,
S08000017,202004,48,,38,,10,,0,,0,,11,,23,
S08000019,202004,13,,9,,4,,0,,0,,10,,29,
S08000020,202004,150,,136,,12,,1,,1,,11,,17,
S08000022,202004,42,,41,,1,,0,,0,,1,,11,
S08000024,202004,144,,104,,16,,6,,18,,10,,66,
S08000025,202004,4,,0,,3,,0,,1,,21,,54,
S08000026,202004,7,,4,,3,,0,,0,,11,,20,
S08000028,202004,6,,6,,0,,0,,0,,3,,6,
S08000029,202004,88,,59,,24,,4,,1,,14,,32,
S08000030,202004,84,,56,,11,,16,,1,,9,,39,
S08000031,202004,202,,136,,17,,22,,27,,8,,56,
S08000032,202004,53,,27,,24,,2,,0,,18,,30,
S92000003,202004,958,d,724,d,133,d,51,d,50,d,10,,37,
S08000015,202003,74,,72,,2,,0,,0,,6,,16,
S08000016,202003,19,,16,,3,,0,,0,,11,,21,
S08000017,202003,77,,62,,14,,1,,0,,11,,22,
S08000019,202003,49,,30,,4,,15,,0,,16,,36,
S08000020,202003,80,,62,,12,,4,,2,,12,,29,
S08000022,202003,32,,27,,3,,1,,1,,3,,21,
S08000024,202003,258,,139,,41,,4,,74,,15,,65,
S08000025,202003,11,,10,,0,,0,,1,,6,,12,
S08000026,202003,1,,1,,0,,0,,0,,1,,1,
S08000028,202003,16,,16,,0,,0,,0,,3,,9,
S08000029,202003,89,,74,,5,,1,,9,,7,,54,
S08000030,202003,87,,60,,10,,17,,0,,6,,40,
S08000031,202003,401,,221,,99,,72,,9,,12,,39,
S08000032,202003,92,,60,,24,,7,,1,,13,,30,
S92000003,202003,1286,d,850,d,217,d,122,d,97,d,11,,40,
S08000015,202002,74,,70,,3,,1,,0,,8,,17,
S08000016,202002,25,,22,,3,,0,,0,,11,,19,
S08000017,202002,44,,39,,5,,0,,0,,13,,19,
S08000019,202002,89,,44,,37,,8,,0,,19,,35,
S08000020,202002,122,b,113,b,9,b,0,b,0,b,10,b,17,b
S08000022,202002,68,,59,,7,,2,,0,,5,,22,
S08000024,202002,278,,146,,43,,11,,78,,17,,68,
S08000025,202002,5,,5,,0,,0,,0,,9,,11,
S08000026,202002,5,,4,,1,,0,,0,,3,,26,
S08000028,202002,9,,9,,0,,0,,0,,3,,9,
S08000029,202002,108,,80,,15,,5,,8,,10,,37,
S08000030,202002,73,,47,,16,,8,,2,,7,,38,
S08000031,202002,440,,258,,94,,63,,25,,12,,39,
S08000032,202002,112,,65,,33,,13,,1,,15,,37,
S92000003,202002,1452,d,961,d,266,d,111,d,114,d,11,,40,
S08000015,202001,95,,87,,6,,2,,0,,9,,18,
S08000016,202001,34,,31,,3,,0,,0,,14,,17,
S08000017,202001,51,,49,,1,,1,,0,,9,,15,
S08000019,202001,87,,48,,39,,0,,0,,17,,33,
S08000020,202001,104,,88,,13,,2,,1,,11,,19,
S08000022,202001,64,,53,,7,,1,,3,,4,,29,
S08000024,202001,329,,187,,35,,14,,93,,14,,73,
S08000025,202001,6,,5,,1,,0,,0,,11,,28,
S08000026,202001,3,,3,,0,,0,,0,,11,,17,
S08000028,202001,11,,11,,0,,0,,0,,6,,9,
S08000029,202001,103,,74,,13,,8,,8,,9,,47,
S08000030,202001,86,,53,,16,,15,,2,,8,,38,
S08000031,202001,306,,195,,43,,45,,23,,8,,51,
S08000032,202001,122,,63,,37,,22,,0,,17,,38,
S92000003,202001,1401,d,947,d,214,d,110,d,130,d,11,,51,
S08000015,201912,82,,76,,4,,2,,0,,8,,16,
S08000016,201912,24,,21,,3,,0,,0,,12,,19,
S08000017,201912,52,,45,,4,,3,,0,,8,,23,
S08000019,201912,74,,45,,29,,0,,0,,16,,31,
S08000020,201912,100,,91,,8,,1,,0,,11,,18,
S08000022,201912,61,,52,,7,,0,,2,,5,,23,
S08000024,201912,211,,95,,32,,11,,73,,25,,75,
S08000025,201912,4,,3,,0,,1,,0,,7,,46,
S08000026,201912,3,,3,,0,,0,,0,,14,,14,
S08000028,201912,12,,12,,0,,0,,0,,2,,5,
S08000029,201912,101,,72,,12,,11,,6,,8,,39,
S08000030,201912,75,,50,,12,,12,,1,,6,,37,
S08000031,201912,169,,135,,18,,11,,5,,3,,33,
S08000032,201912,105,,67,,25,,13,,0,,13,,36,
S92000003,201912,1073,d,767,d,154,d,65,d,87,d,9,,43,
S08000015,201911,121,,111,,9,,1,,0,,9,,18,
S08000016,201911,35,,32,,3,,0,,0,,15,,18,
S08000017,201911,58,,50,,8,,0,,0,,8,,20,
S08000019,201911,74,,38,,36,,0,,0,,18,,29,
S08000020,201911,100,,80,,17,,2,,1,,12,,22,
S08000022,201911,106,,78,,13,,14,,1,,5,,41,
S08000024,201911,273,,132,,45,,17,,79,,19,,75,
S08000025,201911,5,,2,,2,,1,,0,,20,,41,
S08000026,201911,3,,3,,0,,0,,0,,4,,11,
S08000028,201911,8,,8,,0,,0,,0,,3,,9,
S08000029,201911,150,,99,,18,,19,,14,,11,,42,
S08000030,201911,121,,70,,23,,28,,0,,11,,38,
S08000031,201911,224,,133,,64,,22,,5,,7,,39,
S08000032,201911,159,,86,,50,,22,,1,,15,,38,
S92000003,201911,1437,d,922,d,288,d,126,d,101,d,11,,42,
S08000015,201910,94,,80,,13,,1,,0,,9,,20,
S08000016,201910,19,,19,,0,,0,,0,,12,,16,
S08000017,201910,39,,37,,2,,0,,0,,7,,16,
S08000019,201910,79,,48,,31,,0,,0,,18,,27,
S08000020,201910,107,,75,,29,,3,,0,,16,,25,
S08000022,201910,51,,36,,8,,3,,4,,6,,40,
S08000024,201910,247,,127,,53,,20,,47,,18,,73,
S08000025,201910,5,,5,,0,,0,,0,,6,,11,
S08000026,201910,12,,12,,0,,0,,0,,5,,18,
S08000028,201910,11,,11,,0,,0,,0,,4,,8,
S08000029,201910,144,,90,,20,,8,,26,,11,,80,
S08000030,201910,100,,50,,28,,22,,0,,18,,38,
S08000031,201910,259,,181,,45,,27,,6,,5,,37,
S08000032,201910,207,,119,,72,,15,,1,,14,,34,
S92000003,201910,1374,d,890,d,301,d,99,d,84,d,12,,38,
S08000015,201909,130,u,107,u,21,u,2,u,0,u,13,u,24,u
S08000016,201909,33,u,32,u,1,u,0,u,0,u,7,u,16,u
S08000017,201909,36,u,35,u,1,u,0,u,0,u,7,u,16,u
S08000019,201909,92,u,57,u,35,u,0,u,0,u,17,u,26,u
S08000020,201909,107,u,50,u,52,u,4,u,1,u,19,u,34,u
S08000022,201909,55,u,46,u,5,u,2,u,2,u,5,u,22,u
S08000024,201909,231,u,122,u,49,u,12,u,48,u,17,u,75,u
S08000025,201909,5,u,4,u,1,u,0,u,0,u,10,u,20,u
S08000026,201909,2,u,2,u,0,u,0,u,0,u,3,u,14,u
S08000028,201909,12,u,12,u,0,u,0,u,0,u,3,u,8,u
S08000029,201909,109,u,84,u,9,u,7,u,9,u,9,u,43,u
S08000030,201909,105,u,56,u,14,u,35,u,0,u,9,u,41,u
S08000031,201909,221,u,166,u,36,u,11,u,8,u,3,u,34,u
S08000032,201909,169,u,102,u,41,u,21,u,5,u,13,u,42,u
S92000003,201909,1307,d u,875,d u,265,d u,94,d u,73,d u,12,u,40,u
S08000015,201908,95,u,66,u,29,u,0,u,0,u,13,u,27,u
S08000016,201908,26,u,25,u,1,u,0,u,0,u,9,u,17,u
S08000017,201908,28,u,27,u,1,u,0,u,0,u,9,u,14,u
S08000019,201908,100,u,61,u,39,u,0,u,0,u,18,u,25,u
S08000020,201908,147,u,87,u,47,u,11,u,2,u,17,u,32,u
S08000022,201908,48,u,32,u,11,u,4,u,1,u,7,u,45,u
S08000024,201908,237,u,131,u,50,u,8,u,48,u,15,u,69,u
S08000025,201908,2,u,1,u,1,u,0,u,0,u,10,u,34,u
S08000026,201908,8,u,8,u,0,u,0,u,0,u,12,u,17,u
S08000028,201908,4,u,4,u,0,u,0,u,0,u,5,u,10,u
S08000029,201908,115,u,86,u,12,u,8,u,9,u,9,u,45,u
S08000030,201908,100,u,60,u,4,u,36,u,0,u,8,u,42,u
S08000031,201908,239,u,166,u,61,u,11,u,1,u,4,u,30,u
S08000032,201908,184,u,96,u,56,u,32,u,0,u,16,u,42,u
S92000003,201908,1333,d u,850,d u,312,d u,110,d u,61,d u,13,u,40,u
S08000015,201907,126,u,101,u,25,u,0,u,0,u,13,u,20,u
S08000016,201907,41,u,40,u,1,u,0,u,0,u,9,u,14,u
S08000017,201907,39,u,35,u,4,u,0,u,0,u,8,u,19,u
S08000019,201907,87,u,60,u,27,u,0,u,0,u,16,u,23,u
S08000020,201907,126,u,56,u,65,u,5,u,0,u,20,u,31,u
S08000022,201907,67,u,32,u,12,u,11,u,12,u,24,u,61,u
S08000024,201907,208,u,125,u,27,u,7,u,49,u,11,u,71,u
S08000025,201907,8,u,8,u,0,u,0,u,0,u,7,u,18,u
S08000026,201907,11,u,11,u,0,u,0,u,0,u,16,u,18,u
S08000028,201907,8,u,8,u,0,u,0,u,0,u,3,u,15,u
S08000029,201907,82,u,60,u,10,u,4,u,8,u,10,u,49,u
S08000030,201907,68,u,32,u,5,u,31,u,0,u,27,u,45,u
S08000031,201907,210,u,145,u,45,u,19,u,1,u,7,u,34,u
S08000032,201907,181,u,79,u,68,u,34,u,0,u,21,u,41,u
S92000003,201907,1262,d u,792,d u,289,d u,111,d u,70,d u,15,u,42,u
S08000015,201906,90,u,74,u,16,u,0,u,0,u,12,u,20,u
S08000016,201906,51,u,48,u,3,u,0,u,0,u,10,u,16,u
S08000017,201906,41,u,41,u,0,u,0,u,0,u,8,u,16,u
S08000019,201906,61,u,57,u,4,u,0,u,0,u,18,u,18,u
S08000020,201906,77,u,37,u,31,u,8,u,1,u,19,u,37,u
S08000022,201906,72,u,56,u,11,u,1,u,4,u,7,u,31,u
S08000024,201906,220,u,116,u,26,u,24,u,54,u,18,u,72,u
S08000025,201906,6,u,4,u,2,u,0,u,0,u,18,u,31,u
S08000026,201906,11,u,10,u,1,u,0,u,0,u,12,u,18,u
S08000028,201906,14,u,14,u,0,u,0,u,0,u,4,u,7,u
S08000029,201906,86,u,66,u,12,u,6,u,2,u,11,u,35,u
S08000030,201906,79,u,49,u,3,u,27,u,0,u,8,u,46,u
S08000031,201906,190,u,158,u,25,u,7,u,0,u,2,u,27,u
S08000032,201906,177,u,104,u,47,u,26,u,0,u,14,u,40,u
S92000003,201906,1175,d u,834,d u,181,d u,99,d u,61,d u,12,u,41,u
S08000015,201905,126,u,99,u,27,u,0,u,0,u,11,u,22,u
S08000016,201905,47,u,42,u,5,u,0,u,0,u,11,u,19,u
S08000017,201905,63,u,60,u,3,u,0,u,0,u,8,u,16,u
S08000019,201905,93,u,84,u,9,u,0,u,0,u,17,u,18,u
S08000020,201905,126,u,72,u,49,u,5,u,0,u,17,u,32,u
S08000022,201905,70,u,57,u,8,u,3,u,2,u,6,u,29,u
S08000024,201905,275,u,161,u,55,u,17,u,42,u,13,u,66,u
S08000025,201905,1,u,1,u,0,u,0,u,0,u,9,u,9,u
S08000026,201905,8,u,7,u,1,u,0,u,0,u,18,u,19,u
S08000028,201905,4,u,4,u,0,u,0,u,0,u,10,u,15,u
S08000029,201905,141,u,94,u,32,u,4,u,11,u,12,u,36,u
S08000030,201905,86,u,51,u,4,u,31,u,0,u,9,u,46,u
S08000031,201905,238,u,171,u,56,u,11,u,0,u,6,u,28,u
S08000032,201905,175,u,106,u,55,u,14,u,0,u,12,u,34,u
S92000003,201905,1453,d u,1009,d u,304,d u,85,d u,55,d u,12,u,35,u
S08000015,201904,105,u,71,u,31,u,2,u,1,u,12,u,22,u
S08000016,201904,63,u,40,u,23,u,0,u,0,u,16,u,25,u
S08000017,201904,45,u,43,u,2,u,0,u,0,u,7,u,12,u
S08000019,201904,140,u,117,u,23,u,0,u,0,u,18,u,20,u
S08000020,201904,123,u,58,u,62,u,3,u,0,u,19,u,30,u
S08000022,201904,52,u,43,u,8,u,1,u,0,u,9,u,25,u
S08000024,201904,232,u,149,u,35,u,16,u,32,u,11,u,61,u
S08000025,201904,3,u,3,u,0,u,0,u,0,u,7,u,18,u
S08000026,201904,6,u,5,u,1,u,0,u,0,u,3,u,19,u
S08000028,201904,6,u,6,u,0,u,0,u,0,u,3,u,9,u
S08000029,201904,94,u,68,u,22,u,2,u,2,u,11,u,28,u
S08000030,201904,73,u,46,u,2,u,25,u,0,u,8,u,44,u
S08000031,201904,236,u,178,u,46,u,12,u,0,u,4,u,29,u
S08000032,201904,206,u,130,u,56,u,20,u,0,u,12,u,34,u
S92000003,201904,1384,d u,957,d u,311,d u,81,d u,35,d u,12,u,32,u
S08000015,201903,96,u,77,u,17,u,1,u,1,u,10,u,21,u
S08000016,201903,48,u,22,u,26,u,0,u,0,u,20,u,25,u
S08000017,201903,57,u,53,u,4,u,0,u,0,u,7,u,15,u
S08000019,201903,112,u,101,u,11,u,0,u,0,u,16,u,18,u
S08000020,201903,93,u,40,u,51,u,2,u,0,u,19,u,33,u
S08000021,201903,238,u,215,u,23,u,0,u,0,u,4,u,18,u
S08000022,201903,53,u,42,u,7,u,2,u,2,u,6,u,29,u
S08000023,201903,173,u,140,u,17,u,16,u,0,u,7,u,29,u
S08000024,201903,255,u,163,u,36,u,19,u,37,u,11,u,63,u
S08000025,201903,7,u,5,u,2,u,0,u,0,u,10,u,25,u
S08000026,201903,10,u,10,u,0,u,0,u,0,u,5,u,18,u
S08000028,201903,9,u,9,u,0,u,0,u,0,u,2,u,10,u
S08000029,201903,84,u,67,u,10,u,2,u,5,u,9,u,27,u
S08000030,201903,95,u,62,u,9,u,24,u,0,u,7,u,42,u
S92000003,201903,1330,d u,1006,d u,213,d u,66,d u,45,d u,9,u,31,u
S08000015,201902,84,u,64,u,19,u,1,u,0,u,11,u,21,u
S08000016,201902,38,u,13,u,25,u,0,u,0,u,25,u,31,u
S08000017,201902,52,u,49,u,2,u,0,u,1,u,5,u,13,u
S08000019,201902,122,u,111,u,11,u,0,u,0,u,18,u,18,u
S08000020,201902,99,u,38,u,54,u,7,u,0,u,20,u,34,u
S08000021,201902,336,u,266,u,69,u,1,u,0,u,8,u,25,u
S08000022,201902,60,u,53,u,6,u,1,u,0,u,6,u,19,u
S08000023,201902,137,u,96,u,29,u,12,u,0,u,13,u,33,u
S08000024,201902,284,u,207,u,39,u,11,u,27,u,7,u,45,u
S08000025,201902,5,u,5,u,0,u,0,u,0,u,11,u,16,u
S08000026,201902,4,u,3,u,1,u,0,u,0,u,17,u,19,u
S08000028,201902,6,u,6,u,0,u,0,u,0,u,5,u,16,u
S08000029,201902,101,u,75,u,16,u,2,u,8,u,12,u,30,u
S08000030,201902,86,u,52,u,11,u,23,u,0,u,8,u,37,u
S92000003,201902,1414,d u,1038,d u,282,d u,58,d u,36,d u,12,u,30,u
S08000015,201901,102,u,89,u,13,u,0,u,0,u,10,u,19,u
S08000016,201901,24,u,9,u,15,u,0,u,0,u,26,u,32,u
S08000017,201901,52,u,43,u,9,u,0,u,0,u,8,u,20,u
S08000019,201901,84,u,80,u,4,u,0,u,0,u,16,u,18,u
S08000020,201901,115,u,55,u,57,u,3,u,0,u,19,u,33,u
S08000021,201901,422,u,322,u,98,u,2,u,0,u,12,u,22,u
S08000022,201901,54,u,41,u,10,u,1,u,2,u,7,u,30,u
S08000023,201901,178,u,138,u,27,u,13,u,0,u,12,u,32,u
S08000024,201901,243,u,170,u,41,u,11,u,21,u,10,u,49,u
S08000025,201901,1,u,0,u,1,u,0,u,0,u,21,u,21,u
S08000026,201901,5,u,5,u,0,u,0,u,0,u,10,u,16,u
S08000028,201901,4,u,4,u,0,u,0,u,0,u,6,u,17,u
S08000029,201901,105,u,69,u,20,u,2,u,14,u,14,u,66,u
S08000030,201901,104,u,51,u,51,u,2,u,0,u,24,u,33,u
S92000003,201901,1493,d u,1076,d u,346,d u,34,d u,37,d u,13,u,31,u
S08000015,201812,83,u,79,u,4,u,0,u,0,u,9,u,16,u
S08000016,201812,29,u,15,u,14,u,0,u,0,u,12,u,31,u
S08000017,201812,41,u,40,u,1,u,0,u,0,u,8,u,14,u
S08000019,201812,97,u,91,u,6,u,0,u,0,u,15,u,18,u
S08000020,201812,80,u,39,u,27,u,14,u,0,u,19,u,38,u
S08000021,201812,415,u,343,u,68,u,4,u,0,u,9,u,25,u
S08000022,201812,42,u,35,u,3,u,1,u,3,u,10,u,33,u
S08000023,201812,124,u,103,u,13,u,8,u,0,u,6,u,30,u
S08000024,201812,161,u,99,u,29,u,17,u,16,u,10,u,52,u
S08000025,201812,2,u,2,u,0,u,0,u,0,u,3,u,5,u
S08000026,201812,9,u,8,u,1,u,0,u,0,u,14,u,19,u
S08000028,201812,5,u,5,u,0,u,0,u,0,u,7,u,7,u
S08000029,201812,76,u,65,u,6,u,2,u,3,u,10,u,24,u
S08000030,201812,67,u,43,u,24,u,0,u,0,u,6,u,31,u
S92000003,201812,1231,d u,967,d u,196,d u,46,d u,22,d u,10,u,30,u
S08000015,201811,91,u,86,u,2,u,1,u,2,u,7,u,17,u
S08000016,201811,27,u,10,u,17,u,0,u,0,u,23,u,30,u
S08000017,201811,57,u,54,u,3,u,0,u,0,u,9,u,16,u
S08000019,201811,125,u,103,u,22,u,0,u,0,u,15,u,21,u
S08000020,201811,132,u,48,u,62,u,22,u,0,u,26,u,39,u
S08000021,201811,494,u,367,u,116,u,11,u,0,u,8,u,26,u
S08000022,201811,66,u,48,u,18,u,0,u,0,u,8,u,25,u
S08000023,201811,174,u,122,u,43,u,9,u,0,u,8,u,28,u
S08000024,201811,254,u,138,u,48,u,35,u,33,u,16,u,56,u
S08000025,201811,6,u,6,u,0,u,0,u,0,u,8,u,13,u
S08000026,201811,8,u,8,u,0,u,0,u,0,u,4,u,14,u
S08000028,201811,5,u,5,u,0,u,0,u,0,u,8,u,12,u
S08000029,201811,120,u,100,u,13,u,1,u,6,u,10,u,23,u
S08000030,201811,103,u,40,u,62,u,1,u,0,u,28,u,31,u
S92000003,201811,1662,d u,1135,d u,406,d u,80,d u,41,d u,11,u,32,u
S08000015,201810,110,u,106,u,3,u,0,u,1,u,7,u,16,u
S08000016,201810,41,u,18,u,23,u,0,u,0,u,24,u,31,u
S08000017,201810,62,u,51,u,9,u,2,u,0,u,9,u,25,u
S08000019,201810,128,u,103,u,25,u,0,u,0,u,16,u,20,u
S08000020,201810,121,u,50,u,53,u,18,u,0,u,24,u,38,u
S08000021,201810,401,u,340,u,55,u,6,u,0,u,7,u,21,u
S08000022,201810,72,u,65,u,7,u,0,u,0,u,7,u,17,u
S08000023,201810,190,u,124,u,60,u,6,u,0,u,14,u,29,u
S08000024,201810,243,u,149,u,40,u,18,u,36,u,11,u,61,u
S08000025,201810,2,u,2,u,0,u,0,u,0,u,6,u,18,u
S08000026,201810,6,u,6,u,0,u,0,u,0,u,2,u,8,u
S08000028,201810,14,u,14,u,0,u,0,u,0,u,5,u,6,u
S08000029,201810,121,u,101,u,8,u,5,u,7,u,10,u,32,u
S08000030,201810,119,u,60,u,57,u,1,u,1,u,17,u,31,u
S92000003,201810,1630,d u,1189,d u,340,d u,56,d u,45,d u,11,u,30,u
S08000015,201809,79,u,75,u,4,u,0,u,0,u,8,u,16,u
S08000016,201809,27,u,11,u,16,u,0,u,0,u,24,u,31,u
S08000017,201809,58,u,47,u,10,u,1,u,0,u,11,u,24,u
S08000019,201809,125,u,105,u,20,u,0,u,0,u,15,u,19,u
S08000020,201809,78,u,44,u,23,u,11,u,0,u,15,u,40,u
S08000021,201809,337,u,256,u,76,u,5,u,0,u,10,u,24,u
S08000022,201809,57,u,54,u,3,u,0,u,0,u,6,u,16,u
S08000023,201809,187,u,119,u,61,u,7,u,0,u,12,u,32,u
S08000024,201809,192,u,111,u,32,u,23,u,26,u,15,u,55,u
S08000025,201809,0,u,0,u,0,u,0,u,0,u,0,u,0,u
S08000026,201809,7,u,7,u,0,u,0,u,0,u,6,u,12,u
S08000028,201809,11,u,11,u,0,u,0,u,0,u,1,u,3,u
S08000029,201809,111,u,91,u,13,u,1,u,6,u,10,u,28,u
S08000030,201809,108,u,42,u,66,u,0,u,0,u,27,u,30,u
S92000003,201809,1377,d u,973,d u,324,d u,48,d u,32,d u,12,u,30,u
S08000015,201808,97,u,95,u,2,u,0,u,0,u,12,u,15,u
S08000016,201808,33,u,11,u,21,u,1,u,0,u,21,u,35,u
S08000017,201808,49,u,42,u,7,u,0,u,0,u,9,u,20,u
S08000019,201808,184,u,107,u,77,u,0,u,0,u,18,u,23,u
S08000020,201808,73,u,25,u,38,u,10,u,0,u,23,u,38,u
S08000021,201808,391,u,291,u,96,u,4,u,0,u,11,u,24,u
S08000022,201808,50,u,40,u,8,u,2,u,0,u,10,u,21,u
S08000023,201808,178,u,116,u,51,u,11,u,0,u,12,u,31,u
S08000024,201808,255,u,165,u,36,u,33,u,21,u,11,u,52,u
S08000025,201808,4,u,3,u,1,u,0,u,0,u,4,u,19,u
S08000026,201808,8,u,8,u,0,u,0,u,0,u,5,u,17,u
S08000028,201808,3,u,3,u,0,u,0,u,0,u,1,u,10,u
S08000029,201808,102,u,80,u,16,u,2,u,4,u,9,u,29,u
S08000030,201808,121,u,41,u,77,u,2,u,1,u,25,u,30,u
S92000003,201808,1548,d u,1027,d u,430,d u,65,d u,26,d u,13,u,29,u
S08000015,201807,98,u,94,u,4,u,0,u,0,u,11,u,15,u
S08000016,201807,34,u,12,u,18,u,4,u,0,u,24,u,36,u
S08000017,201807,47,u,37,u,9,u,1,u,0,u,10,u,22,u
S08000019,201807,107,u,48,u,58,u,1,u,0,u,19,u,25,u
S08000020,201807,84,u,36,u,38,u,10,u,0,u,21,u,36,u
S08000021,201807,328,u,275,u,50,u,3,u,0,u,7,u,22,u
S08000022,201807,41,u,39,u,1,u,0,u,1,u,8,u,15,u
S08000023,201807,157,u,113,u,35,u,9,u,0,u,10,u,32,u
S08000024,201807,177,u,116,u,13,u,20,u,28,u,9,u,56,u
S08000025,201807,8,u,8,u,0,u,0,u,0,u,11,u,11,u
S08000026,201807,12,u,12,u,0,u,0,u,0,u,17,u,18,u
S08000028,201807,7,u,7,u,0,u,0,u,0,u,4,u,6,u
S08000029,201807,130,u,97,u,17,u,10,u,6,u,9,u,42,u
S08000030,201807,84,u,29,u,55,u,0,u,0,u,24,u,27,u
S92000003,201807,1314,d u,923,d u,298,d u,58,d u,35,d u,11,u,31,u
S08000015,201806,116,u,110,u,6,u,0,u,0,u,11,u,16,u
S08000016,201806,30,u,10,u,17,u,3,u,0,u,22,u,34,u
S08000017,201806,49,u,41,u,8,u,0,u,0,u,14,u,20,u
S08000019,201806,141,u,68,u,73,u,0,u,0,u,19,u,26,u
S08000020,201806,91,u,42,u,42,u,7,u,0,u,19,u,35,u
S08000021,201806,340,u,297,u,39,u,4,u,0,u,7,u,20,u
S08000022,201806,84,u,64,u,18,u,2,u,0,u,6,u,28,u
S08000023,201806,157,u,123,u,29,u,5,u,0,u,6,u,30,u
S08000024,201806,225,u,137,u,44,u,25,u,19,u,15,u,50,u
S08000025,201806,10,u,7,u,1,u,2,u,0,u,14,u,49,u
S08000026,201806,7,u,7,u,0,u,0,u,0,u,17,u,18,u
S08000028,201806,13,u,13,u,0,u,0,u,0,u,4,u,6,u
S08000029,201806,147,u,106,u,31,u,8,u,2,u,11,u,28,u
S08000030,201806,121,u,42,u,78,u,1,u,0,u,25,u,28,u
S92000003,201806,1531,d u,1067,d u,386,d u,57,d u,21,d u,12,u,29,u
S08000015,201805,136,u,127,u,8,u,1,u,0,u,11,u,16,u
S08000016,201805,33,u,16,u,16,u,1,u,0,u,19,u,34,u
S08000017,201805,57,u,44,u,13,u,0,u,0,u,12,u,24,u
S08000019,201805,135,u,66,u,68,u,1,u,0,u,19,u,25,u
S08000020,201805,134,u,58,u,61,u,15,u,0,u,21,u,37,u
S08000021,201805,385,u,314,u,67,u,4,u,0,u,11,u,23,u
S08000022,201805,78,u,56,u,18,u,3,u,1,u,6,u,29,u
S08000023,201805,180,u,125,u,54,u,1,u,0,u,12,u,28,u
S08000024,201805,287,u,178,u,53,u,44,u,12,u,13,u,46,u
S08000025,201805,6,u,4,u,2,u,0,u,0,u,8,u,20,u
S08000026,201805,12,u,12,u,0,u,0,u,0,u,11,u,17,u
S08000028,201805,8,u,8,u,0,u,0,u,0,u,2,u,5,u
S08000029,201805,135,u,91,u,27,u,14,u,3,u,11,u,40,u
S08000030,201805,126,u,47,u,77,u,2,u,0,u,25,u,29,u
S92000003,201805,1712,d u,1146,d u,464,d u,86,d u,16,d u,13,u,31,u
S08000015,201804,96,u,94,u,2,u,0,u,0,u,10,u,15,u
S08000016,201804,26,u,9,u,17,u,0,u,0,u,22,u,30,u
S08000017,201804,50,u,36,u,12,u,1,u,1,u,10,u,21,u
S08000019,201804,109,u,57,u,52,u,0,u,0,u,18,u,24,u
S08000020,201804,112,u,62,u,39,u,11,u,0,u,18,u,35,u
S08000021,201804,325,u,273,u,52,u,0,u,0,u,10,u,20,u
S08000022,201804,48,u,43,u,3,u,2,u,0,u,4,u,20,u
S08000023,201804,171,u,103,u,67,u,1,u,0,u,11,u,29,u
S08000024,201804,254,u,145,u,63,u,34,u,12,u,13,u,45,u
S08000025,201804,5,u,4,u,1,u,0,u,0,u,16,u,20,u
S08000026,201804,5,u,5,u,0,u,0,u,0,u,11,u,18,u
S08000028,201804,5,u,5,u,0,u,0,u,0,u,4,u,6,u
S08000029,201804,111,u,79,u,27,u,3,u,2,u,10,u,31,u
S08000030,201804,134,u,42,u,90,u,2,u,0,u,25,u,29,u
S92000003,201804,1451,d u,957,d u,425,d u,54,d u,15,d u,13,u,29,u
S08000015,201803,118,u,116,u,2,u,0,u,0,u,10,u,14,u
S08000016,201803,16,u,8,u,8,u,0,u,0,u,17,u,24,u
S08000017,201803,58,u,49,u,9,u,0,u,0,u,9,u,22,u
S08000019,201803,123,u,56,u,67,u,0,u,0,u,20,u,25,u
S08000020,201803,100,u,52,u,45,u,3,u,0,u,18,u,34,u
S08000021,201803,269,u,242,u,26,u,1,u,0,u,7,u,19,u
S08000022,201803,26,u,21,u,5,u,0,u,0,u,4,u,25,u
S08000023,201803,148,u,108,u,40,u,0,u,0,u,10,u,23,u
S08000024,201803,175,u,102,u,49,u,11,u,13,u,17,u,46,u
S08000025,201803,11,u,10,u,1,u,0,u,0,u,8,u,18,u
S08000026,201803,12,u,12,u,0,u,0,u,0,u,13,u,17,u
S08000028,201803,8,u,8,u,0,u,0,u,0,u,3,u,14,u
S08000029,201803,117,u,86,u,18,u,10,u,3,u,11,u,37,u
S08000030,201803,129,u,51,u,78,u,0,u,0,u,24,u,28,u
S92000003,201803,1310,d u,921,d u,348,d u,25,d u,16,d u,12,u,27,u
S08000015,201802,108,u,108,u,0,u,0,u,0,u,10,u,12,u
S08000016,201802,32,u,19,u,13,u,0,u,0,u,12,u,27,u
S08000017,201802,43,u,41,u,1,u,1,u,0,u,10,u,16,u
S08000019,201802,107,u,52,u,55,u,0,u,0,u,19,u,26,u
S08000020,201802,99,u,44,u,52,u,3,u,0,u,20,u,33,u
S08000021,201802,299,u,260,u,39,u,0,u,0,u,10,u,19,u
S08000022,201802,40,u,35,u,4,u,1,u,0,u,4,u,21,u
S08000023,201802,128,u,89,u,39,u,0,u,0,u,11,u,24,u
S08000024,201802,224,u,141,u,45,u,26,u,12,u,13,u,45,u
S08000025,201802,6,u,3,u,3,u,0,u,0,u,15,u,23,u
S08000026,201802,8,u,8,u,0,u,0,u,0,u,14,u,18,u
S08000028,201802,4,u,4,u,0,u,0,u,0,u,3,u,12,u
S08000029,201802,126,u,89,u,26,u,11,u,0,u,10,u,35,u
S08000030,201802,94,u,37,u,57,u,0,u,0,u,23,u,28,u
S92000003,201802,1318,d u,930,d u,334,d u,42,d u,12,d u,12,u,28,u
S08000015,201801,116,u,112,u,2,u,2,u,0,u,10,u,14,u
S08000016,201801,24,u,8,u,16,u,0,u,0,u,23,u,28,u
S08000017,201801,58,u,53,u,4,u,1,u,0,u,7,u,18,u
S08000018,201801,150,u,91,u,25,u,33,u,1,u,12,u,39,u
S08000019,201801,76,u,39,u,37,u,0,u,0,u,18,u,26,u
S08000020,201801,105,u,52,u,45,u,8,u,0,u,19,u,32,u
S08000021,201801,281,u,251,u,30,u,0,u,0,u,9,u,19,u
S08000022,201801,39,u,31,u,5,u,2,u,1,u,8,u,33,u
S08000023,201801,129,u,92,u,37,u,0,u,0,u,10,u,27,u
S08000024,201801,274,u,195,u,42,u,32,u,5,u,8,u,41,u
S08000025,201801,11,u,11,u,0,u,0,u,0,u,7,u,11,u
S08000026,201801,6,u,6,u,0,u,0,u,0,u,5,u,14,u
S08000027,201801,89,u,39,u,50,u,0,u,0,u,25,u,29,u
S08000028,201801,9,u,9,u,0,u,0,u,0,u,3,u,9,u
S92000003,201801,1367,d u,989,d u,293,d u,78,d u,7,d u,11,u,30,u
S08000015,201712,96,u,95,u,0,u,0,u,1,u,7,u,12,u
S08000016,201712,12,u,10,u,2,u,0,u,0,u,4,u,22,u
S08000017,201712,50,u,44,u,6,u,0,u,0,u,8,u,21,u
S08000018,201712,83,u,57,u,13,u,12,u,1,u,11,u,38,u
S08000019,201712,100,u,62,u,38,u,0,u,0,u,13,u,26,u
S08000020,201712,72,u,34,u,29,u,9,u,0,u,19,u,37,u
S08000021,201712,251,u,250,u,1,u,0,u,0,u,6,u,16,u
S08000022,201712,30,u,25,u,3,u,1,u,1,u,4,u,24,u
S08000023,201712,125,u,92,u,32,u,1,u,0,u,10,u,25,u
S08000024,201712,151,u,88,u,41,u,18,u,4,u,14,u,40,u
S08000025,201712,6,u,4,u,2,u,0,u,0,u,2,u,24,u
S08000026,201712,3,u,3,u,0,u,0,u,0,u,6,u,12,u
S08000027,201712,123,u,54,u,68,u,1,u,0,u,24,u,28,u
S08000028,201712,6,u,6,u,0,u,0,u,0,u,3,u,5,u
S92000003,201712,1108,d u,824,d u,235,d u,42,d u,7,d u,9,u,27,u
S08000015,201711,142,u,136,u,5,u,0,u,1,u,8,u,13,u
S08000016,201711,28,u,17,u,11,u,0,u,0,u,11,u,22,u
S08000017,201711,50,u,40,u,10,u,0,u,0,u,7,u,21,u
S08000018,201711,141,u,89,u,28,u,24,u,0,u,10,u,40,u
S08000019,201711,125,u,58,u,67,u,0,u,0,u,19,u,25,u
S08000020,201711,108,u,41,u,52,u,15,u,0,u,22,u,38,u
S08000021,201711,345,u,336,u,9,u,0,u,0,u,7,u,16,u
S08000022,201711,30,u,24,u,4,u,2,u,0,u,4,u,21,u
S08000023,201711,170,u,110,u,60,u,0,u,0,u,11,u,26,u
S08000024,201711,323,u,201,u,54,u,54,u,14,u,11,u,43,u
S08000025,201711,7,u,4,u,3,u,0,u,0,u,18,u,29,u
S08000026,201711,10,u,10,u,0,u,0,u,0,u,7,u,14,u
S08000027,201711,166,u,66,u,99,u,1,u,0,u,23,u,28,u
S08000028,201711,11,u,11,u,0,u,0,u,0,u,5,u,7,u
S92000003,201711,1656,d u,1143,d u,402,d u,96,d u,15,d u,10,u,28,u
S08000015,201710,104,u,101,u,3,u,0,u,0,u,9,u,14,u
S08000016,201710,26,u,15,u,11,u,0,u,0,u,14,u,22,u
S08000017,201710,49,u,36,u,13,u,0,u,0,u,9,u,22,u
S08000018,201710,124,u,76,u,30,u,16,u,2,u,11,u,39,u
S08000019,201710,71,u,42,u,29,u,0,u,0,u,17,u,23,u
S08000020,201710,117,u,41,u,62,u,11,u,3,u,22,u,37,u
S08000021,201710,306,u,292,u,14,u,0,u,0,u,7,u,18,u
S08000022,201710,43,u,31,u,11,u,0,u,1,u,5,u,24,u
S08000023,201710,173,u,110,u,63,u,0,u,0,u,11,u,27,u
S08000024,201710,222,u,127,u,65,u,18,u,12,u,14,u,44,u
S08000025,201710,5,u,3,u,2,u,0,u,0,u,4,u,23,u
S08000026,201710,6,u,6,u,0,u,0,u,0,u,10,u,18,u
S08000027,201710,,:,,:,,:,,:,,:,,:,,:
S08000028,201710,17,u,17,u,0,u,0,u,0,u,3,u,7,u
S92000003,201710,1263,d u,897,d u,303,d u,45,d u,18,d u,10,u,29,u
S08000015,201709,108,u,104,u,3,u,1,u,0,u,9,u,15,u
S08000016,201709,28,u,20,u,8,u,0,u,0,u,7,u,20,u
S08000017,201709,27,u,27,u,0,u,0,u,0,u,7,u,15,u
S08000018,201709,103,u,66,u,29,u,8,u,0,u,13,u,32,u
S08000019,201709,88,u,54,u,34,u,0,u,0,u,15,u,21,u
S08000020,201709,112,u,30,u,65,u,16,u,1,u,22,u,40,u
S08000021,201709,252,u,245,u,7,u,0,u,0,u,6,u,17,u
S08000022,201709,40,u,26,u,10,u,0,u,4,u,14,u,32,u
S08000023,201709,145,u,94,u,48,u,3,u,0,u,14,u,27,u
S08000024,201709,179,u,105,u,50,u,18,u,6,u,17,u,42,u
S08000025,201709,4,u,4,u,0,u,0,u,0,u,1,u,8,u
S08000026,201709,8,u,5,u,3,u,0,u,0,u,16,u,20,u
S08000027,201709,,:,,:,,:,,:,,:,,:,,:
S08000028,201709,11,u,11,u,0,u,0,u,0,u,3,u,5,u
S92000003,201709,1105,d u,791,d u,257,d u,46,d u,11,d u,12,u,28,u
S08000015,201708,112,u,104,u,7,u,0,u,1,u,12,u,17,u
S08000016,201708,41,u,41,u,0,u,0,u,0,u,9,u,17,u
S08000017,201708,35,u,32,u,3,u,0,u,0,u,12,u,17,u
S08000018,201708,106,u,70,u,21,u,14,u,1,u,11,u,38,u
S08000019,201708,99,u,56,u,43,u,0,u,0,u,15,u,21,u
S08000020,201708,128,u,37,u,71,u,19,u,1,u,21,u,43,u
S08000021,201708,343,u,334,u,9,u,0,u,0,u,8,u,17,u
S08000022,201708,39,u,31,u,7,u,1,u,0,u,7,u,26,u
S08000023,201708,167,u,98,u,68,u,1,u,0,u,14,u,26,u
S08000024,201708,211,u,109,u,57,u,27,u,18,u,17,u,49,u
S08000025,201708,2,u,2,u,0,u,0,u,0,u,1,u,16,u
S08000026,201708,8,u,8,u,0,u,0,u,0,u,9,u,16,u
S08000027,201708,,:,,:,,:,,:,,:,,:,,:
S08000028,201708,8,u,8,u,0,u,0,u,0,u,4,u,8,u
S92000003,201708,1299,d u,930,d u,286,d u,62,d u,21,d u,13,u,29,u
S08000015,201707,80,u,74,u,6,u,0,u,0,u,12,u,18,u
S08000016,201707,24,u,24,u,0,u,0,u,0,u,12,u,17,u
S08000017,201707,31,u,29,u,2,u,0,u,0,u,9,u,17,u
S08000018,201707,75,u,49,u,19,u,7,u,0,u,9,u,35,u
S08000019,201707,96,u,72,u,24,u,0,u,0,u,15,u,19,u
S08000020,201707,98,u,45,u,46,u,7,u,0,u,20,u,26,u
S08000021,201707,269,u,266,u,3,u,0,u,0,u,7,u,17,u
S08000022,201707,35,u,26,u,4,u,4,u,1,u,9,u,40,u
S08000023,201707,123,u,76,u,46,u,1,u,0,u,15,u,28,u
S08000024,201707,161,u,100,u,32,u,22,u,7,u,12,u,39,u
S08000025,201707,1,u,1,u,0,u,0,u,0,u,10,u,10,u
S08000026,201707,1,u,1,u,0,u,0,u,0,u,10,u,10,u
S08000027,201707,,:,,:,,:,,:,,:,,:,,:
S08000028,201707,14,u,14,u,0,u,0,u,0,u,3,u,6,u
S92000003,201707,1008,d u,777,d u,182,d u,41,d u,8,d u,11,u,26,u
S08000015,201706,88,u,80,u,1,u,2,u,5,u,12,u,18,u
S08000016,201706,40,u,40,u,0,u,0,u,0,u,12,u,16,u
S08000017,201706,36,u,33,u,3,u,0,u,0,u,10,u,17,u
S08000018,201706,90,u,68,u,18,u,3,u,1,u,8,u,29,u
S08000019,201706,109,u,104,u,5,u,0,u,0,u,14,u,18,u
S08000020,201706,105,u,31,u,60,u,14,u,0,u,20,u,42,u
S08000021,201706,334,u,330,u,4,u,0,u,0,u,8,u,17,u
S08000022,201706,63,u,49,u,9,u,4,u,1,u,6,u,30,u
S08000023,201706,166,u,118,u,48,u,0,u,0,u,8,u,27,u
S08000024,201706,239,u,150,u,49,u,35,u,5,u,12,u,39,u
S08000025,201706,8,u,8,u,0,u,0,u,0,u,3,u,15,u
S08000026,201706,5,u,5,u,0,u,0,u,0,u,10,u,14,u
S08000027,201706,88,u,85,u,3,u,0,u,0,u,18,u,18,u
S08000028,201706,14,u,14,u,0,u,0,u,0,u,3,u,6,u
S92000003,201706,1385,d u,1115,d u,200,d u,58,d u,12,d u,11,u,26,u
S08000015,201705,133,u,125,u,6,u,2,u,0,u,12,u,16,u
S08000016,201705,38,u,38,u,0,u,0,u,0,u,14,u,17,u
S08000017,201705,45,u,44,u,1,u,0,u,0,u,8,u,15,u
S08000018,201705,93,u,64,u,28,u,1,u,0,u,9,u,31,u
S08000019,201705,109,u,102,u,7,u,0,u,0,u,15,u,18,u
S08000020,201705,119,u,47,u,63,u,9,u,0,u,21,u,34,u
S08000021,201705,367,u,358,u,9,u,0,u,0,u,8,u,16,u
S08000022,201705,75,u,68,u,4,u,2,u,1,u,6,u,18,u
S08000023,201705,156,u,123,u,29,u,4,u,0,u,8,u,25,u
S08000024,201705,255,u,143,u,69,u,38,u,5,u,15,u,42,u
S08000025,201705,2,u,2,u,0,u,0,u,0,u,5,u,10,u
S08000026,201705,9,u,9,u,0,u,0,u,0,u,9,u,15,u
S08000027,201705,142,u,126,u,16,u,0,u,0,u,17,u,20,u
S08000028,201705,7,u,7,u,0,u,0,u,0,u,3,u,10,u
S92000003,201705,1550,d u,1256,d u,232,d u,56,d u,6,d u,11,u,25,u
S08000015,201704,106,u,104,u,2,u,0,u,0,u,11,u,14,u
S08000016,201704,44,u,44,u,0,u,0,u,0,u,13,u,17,u
S08000017,201704,37,u,37,u,0,u,0,u,0,u,9,u,17,u
S08000018,201704,87,u,70,u,13,u,2,u,2,u,9,u,24,u
S08000019,201704,93,u,88,u,5,u,0,u,0,u,15,u,18,u
S08000020,201704,72,u,24,u,46,u,2,u,0,u,20,u,27,u
S08000021,201704,235,u,228,u,7,u,0,u,0,u,9,u,18,u
S08000022,201704,45,u,38,u,3,u,3,u,1,u,6,u,24,u
S08000023,201704,138,u,118,u,19,u,1,u,0,u,7,u,22,u
S08000024,201704,158,u,90,u,35,u,25,u,8,u,13,u,45,u
S08000025,201704,1,u,1,u,0,u,0,u,0,u,1,u,1,u
S08000026,201704,0,u,0,u,0,u,0,u,0,u,,z,,z
S08000027,201704,128,u,78,u,50,u,0,u,0,u,17,u,20,u
S08000028,201704,13,u,13,u,0,u,0,u,0,u,3,u,8,u
S92000003,201704,1157,d u,933,d u,180,d u,33,d u,11,d u,11,u,22,u
S08000015,201703,120,u,116,u,1,u,3,u,0,u,10,u,15,u
S08000016,201703,69,u,68,u,1,u,0,u,0,u,2,u,17,u
S08000017,201703,51,u,51,u,0,u,0,u,0,u,8,u,15,u
S08000018,201703,133,u,118,u,14,u,1,u,0,u,6,u,20,u
S08000019,201703,106,u,106,u,0,u,0,u,0,u,15,u,17,u
S08000020,201703,104,u,43,u,47,u,14,u,0,u,19,u,39,u
S08000021,201703,342,u,332,u,10,u,0,u,0,u,7,u,16,u
S08000022,201703,68,u,67,u,0,u,1,u,0,u,3,u,12,u
S08000023,201703,150,u,122,u,26,u,2,u,0,u,7,u,22,u
S08000024,201703,257,u,132,u,50,u,56,u,19,u,18,u,49,u
S08000025,201703,3,u,3,u,0,u,0,u,0,u,5,u,13,u
S08000026,201703,3,u,3,u,0,u,0,u,0,u,15,u,16,u
S08000027,201703,139,u,134,u,5,u,0,u,0,u,17,u,18,u
S08000028,201703,13,u,13,u,0,u,0,u,0,u,4,u,6,u
S92000003,201703,1558,d u,1308,d u,154,d u,77,d u,19,d u,10,u,22,u
S08000015,201702,108,u,99,u,8,u,1,u,0,u,11,u,16,u
S08000016,201702,64,u,63,u,1,u,0,u,0,u,3,u,17,u
S08000017,201702,39,u,39,u,0,u,0,u,0,u,9,u,14,u
S08000018,201702,119,u,97,u,22,u,0,u,0,u,9,u,22,u
S08000019,201702,89,u,88,u,1,u,0,u,0,u,12,u,15,u
S08000020,201702,100,u,43,u,47,u,10,u,0,u,19,u,30,u
S08000021,201702,318,u,314,u,4,u,0,u,0,u,6,u,14,u
S08000022,201702,72,u,70,u,2,u,0,u,0,u,3,u,16,u
S08000023,201702,147,u,126,u,21,u,0,u,0,u,10,u,19,u
S08000024,201702,256,u,124,u,34,u,69,u,29,u,20,u,54,u
S08000025,201702,12,u,12,u,0,u,0,u,0,u,5,u,10,u
S08000026,201702,6,u,6,u,0,u,0,u,0,u,8,u,17,u
S08000027,201702,124,u,116,u,8,u,0,u,0,u,15,u,18,u
S08000028,201702,14,u,14,u,0,u,0,u,0,u,3,u,7,u
S92000003,201702,1468,d u,1211,d u,148,d u,80,d u,29,d u,10,u,25,u
S08000015,201701,93,u,86,u,5,u,2,u,0,u,11,u,15,u
S08000016,201701,59,u,58,u,1,u,0,u,0,u,4,u,17,u
S08000017,201701,40,u,40,u,0,u,0,u,0,u,8,u,16,u
S08000018,201701,121,u,100,u,18,u,3,u,0,u,8,u,22,u
S08000019,201701,91,u,91,u,0,u,0,u,0,u,14,u,16,u
S08000020,201701,77,u,41,u,32,u,4,u,0,u,18,u,31,u
S08000021,201701,302,u,297,u,5,u,0,u,0,u,6,u,15,u
S08000022,201701,35,u,31,u,2,u,2,u,0,u,5,u,21,u
S08000023,201701,139,u,132,u,7,u,0,u,0,u,8,u,17,u
S08000024,201701,205,u,87,u,28,u,64,u,26,u,28,u,55,u
S08000025,201701,3,u,3,u,0,u,0,u,0,u,6,u,7,u
S08000026,201701,6,u,6,u,0,u,0,u,0,u,5,u,10,u
S08000027,201701,130,u,124,u,6,u,0,u,0,u,16,u,18,u
S08000028,201701,6,u,6,u,0,u,0,u,0,u,5,u,8,u
S92000003,201701,1307,d u,1102,d u,104,d u,75,d u,26,d u,10,u,28,u
S08000015,201612,107,u,95,u,12,u,0,u,0,u,10,u,21,u
S08000016,201612,68,u,67,u,1,u,0,u,0,u,1,u,15,u
S08000017,201612,22,u,22,u,0,u,0,u,0,u,5,u,9,u
S08000018,201612,102,u,78,u,24,u,0,u,0,u,9,u,27,u
S08000019,201612,96,u,95,u,1,u,0,u,0,u,12,u,15,u
S08000020,201612,92,u,45,u,41,u,6,u,0,u,19,u,29,u
S08000021,201612,311,u,309,u,2,u,0,u,0,u,6,u,14,u
S08000022,201612,62,u,61,u,1,u,0,u,0,u,3,u,12,u
S08000023,201612,113,u,106,u,7,u,0,u,0,u,6,u,15,u
S08000024,201612,178,u,95,u,27,u,36,u,20,u,15,u,53,u
S08000025,201612,8,u,8,u,0,u,0,u,0,u,3,u,9,u
S08000026,201612,3,u,3,u,0,u,0,u,0,u,11,u,14,u
S08000027,201612,109,u,109,u,0,u,0,u,0,u,14,u,18,u
S08000028,201612,6,u,6,u,0,u,0,u,0,u,4,u,7,u
S92000003,201612,1277,d u,1099,d u,116,d u,42,d u,20,d u,8,u,22,u
S08000015,201611,103,u,98,u,4,u,1,u,0,u,9,u,15,u
S08000016,201611,50,u,49,u,1,u,0,u,0,u,5,u,16,u
S08000017,201611,36,u,36,u,0,u,0,u,0,u,7,u,12,u
S08000018,201611,126,u,91,u,29,u,5,u,1,u,8,u,24,u
S08000019,201611,115,u,112,u,3,u,0,u,0,u,11,u,17,u
S08000020,201611,119,u,42,u,71,u,6,u,0,u,21,u,33,u
S08000021,201611,380,u,376,u,4,u,0,u,0,u,6,u,13,u
S08000022,201611,71,u,52,u,9,u,7,u,3,u,10,u,39,u
S08000023,201611,187,u,161,u,26,u,0,u,0,u,8,u,21,u
S08000024,201611,299,u,127,u,52,u,73,u,47,u,24,u,55,u
S08000025,201611,9,u,9,u,0,u,0,u,0,u,4,u,8,u
S08000026,201611,6,u,6,u,0,u,0,u,0,u,8,u,10,u
S08000027,201611,154,u,150,u,4,u,0,u,0,u,12,u,18,u
S08000028,201611,10,u,10,u,0,u,0,u,0,u,3,u,5,u
S92000003,201611,1665,d u,1319,d u,203,d u,92,d u,51,d u,9,u,30,u
S08000015,201610,105,u,87,u,17,u,1,u,0,u,9,u,20,u
S08000016,201610,63,u,63,u,0,u,0,u,0,u,5,u,17,u
S08000017,201610,37,u,37,u,0,u,0,u,0,u,7,u,15,u
S08000018,201610,84,u,70,u,13,u,1,u,0,u,5,u,23,u
S08000019,201610,97,u,85,u,12,u,0,u,0,u,16,u,19,u
S08000020,201610,98,u,52,u,45,u,1,u,0,u,18,u,31,u
S08000021,201610,309,u,307,u,2,u,0,u,0,u,6,u,15,u
S08000022,201610,67,u,63,u,4,u,0,u,0,u,3,u,16,u
S08000023,201610,166,u,119,u,47,u,0,u,0,u,9,u,25,u
S08000024,201610,210,u,118,u,36,u,22,u,34,u,16,u,54,u
S08000025,201610,2,u,2,u,0,u,0,u,0,u,4,u,5,u
S08000026,201610,2,u,2,u,0,u,0,u,0,u,6,u,7,u
S08000027,201610,161,u,158,u,3,u,0,u,0,u,17,u,18,u
S08000028,201610,10,u,10,u,0,u,0,u,0,u,2,u,6,u
S92000003,201610,1411,d u,1173,d u,179,d u,25,d u,34,d u,9,u,23,u
S08000015,201609,71,u,61,u,9,u,1,u,0,u,12,u,19,u
S08000016,201609,66,u,66,u,0,u,0,u,0,u,1,u,16,u
S08000017,201609,28,u,28,u,0,u,0,u,0,u,9,u,16,u
S08000018,201609,93,u,85,u,8,u,0,u,0,u,6,u,17,u
S08000019,201609,135,u,100,u,35,u,0,u,0,u,16,u,22,u
S08000020,201609,124,u,59,u,64,u,1,u,0,u,19,u,28,u
S08000021,201609,312,u,307,u,5,u,0,u,0,u,7,u,16,u
S08000022,201609,80,u,69,u,9,u,2,u,0,u,3,u,21,u
S08000023,201609,151,u,104,u,46,u,1,u,0,u,13,u,26,u
S08000024,201609,247,u,135,u,30,u,34,u,48,u,15,u,57,u
S08000025,201609,2,u,2,u,0,u,0,u,0,u,1,u,1,u
S08000026,201609,6,u,6,u,0,u,0,u,0,u,6,u,7,u
S08000027,201609,116,u,115,u,1,u,0,u,0,u,16,u,18,u
S08000028,201609,13,u,13,u,0,u,0,u,0,u,2,u,3,u
S92000003,201609,1444,d u,1150,d u,207,d u,39,d u,48,d u,11,u,26,u
S08000015,201608,110,u,91,u,18,u,1,u,0,u,10,u,20,u
S08000016,201608,67,u,67,u,0,u,0,u,0,u,4,u,16,u
S08000017,201608,35,u,33,u,2,u,0,u,0,u,10,u,16,u
S08000018,201608,99,u,79,u,19,u,1,u,0,u,8,u,22,u
S08000019,201608,128,u,59,u,69,u,0,u,0,u,19,u,24,u
S08000020,201608,96,u,37,u,57,u,2,u,0,u,21,u,29,u
S08000021,201608,352,u,347,u,5,u,0,u,0,u,7,u,16,u
S08000022,201608,79,u,63,u,7,u,8,u,1,u,5,u,38,u
S08000023,201608,161,u,113,u,45,u,3,u,0,u,12,u,25,u
S08000024,201608,212,u,117,u,29,u,38,u,28,u,16,u,56,u
S08000025,201608,1,u,1,u,0,u,0,u,0,u,3,u,3,u
S08000026,201608,4,u,4,u,0,u,0,u,0,u,10,u,18,u
S08000027,201608,160,u,156,u,4,u,0,u,0,u,17,u,18,u
S08000028,201608,8,u,8,u,0,u,0,u,0,u,5,u,10,u
S92000003,201608,1512,d u,1175,d u,255,d u,53,d u,29,d u,11,u,24,u
S08000015,201607,69,u,59,u,10,u,0,u,0,u,9,u,20,u
S08000016,201607,46,u,46,u,0,u,0,u,0,u,4,u,16,u
S08000017,201607,27,u,22,u,5,u,0,u,0,u,11,u,24,u
S08000018,201607,74,u,67,u,7,u,0,u,0,u,7,u,18,u
S08000019,201607,95,u,24,u,71,u,0,u,0,u,22,u,26,u
S08000020,201607,96,u,51,u,43,u,2,u,0,u,18,u,30,u
S08000021,201607,308,u,304,u,4,u,0,u,0,u,6,u,17,u
S08000022,201607,50,u,38,u,9,u,2,u,1,u,6,u,28,u
S08000023,201607,136,u,107,u,29,u,0,u,0,u,6,u,23,u
S08000024,201607,163,u,95,u,18,u,26,u,24,u,13,u,56,u
S08000025,201607,5,u,5,u,0,u,0,u,0,u,3,u,12,u
S08000026,201607,5,u,2,u,3,u,0,u,0,u,20,u,31,u
S08000027,201607,114,u,110,u,4,u,0,u,0,u,15,u,18,u
S08000028,201607,16,u,16,u,0,u,0,u,0,u,3,u,7,u
S92000003,201607,1204,d u,946,d u,203,d u,30,d u,25,d u,9,u,24,u
S08000015,201606,101,u,97,u,4,u,0,u,0,u,8,u,16,u
S08000016,201606,70,u,62,u,8,u,0,u,0,u,6,u,19,u
S08000017,201606,44,u,43,u,1,u,0,u,0,u,7,u,15,u
S08000018,201606,109,u,99,u,9,u,1,u,0,u,6,u,18,u
S08000019,201606,118,u,20,u,98,u,0,u,0,u,23,u,26,u
S08000020,201606,161,u,79,u,81,u,1,u,0,u,20,u,28,u
S08000021,201606,335,u,331,u,4,u,0,u,0,u,7,u,17,u
S08000022,201606,95,u,87,u,4,u,2,u,2,u,4,u,32,u
S08000023,201606,135,u,121,u,14,u,0,u,0,u,9,u,19,u
S08000024,201606,292,u,166,u,34,u,37,u,55,u,16,u,56,u
S08000025,201606,5,u,5,u,0,u,0,u,0,u,3,u,8,u
S08000026,201606,7,u,2,u,4,u,1,u,0,u,20,u,39,u
S08000027,201606,122,u,122,u,0,u,0,u,0,u,14,u,18,u
S08000028,201606,12,u,12,u,0,u,0,u,0,u,2,u,6,u
S92000003,201606,1606,d u,1246,d u,261,d u,42,d u,57,d u,11,u,26,u
S08000015,201605,73,u,70,u,3,u,0,u,0,u,9,u,15,u
S08000016,201605,64,u,56,u,8,u,0,u,0,u,9,u,21,u
S08000017,201605,40,u,36,u,4,u,0,u,0,u,7,u,14,u
S08000018,201605,136,u,118,u,17,u,0,u,1,u,8,u,21,u
S08000019,201605,152,u,40,u,112,u,0,u,0,u,25,u,27,u
S08000020,201605,145,u,47,u,92,u,6,u,0,u,25,u,31,u
S08000021,201605,319,u,315,u,4,u,0,u,0,u,7,u,16,u
S08000022,201605,73,u,68,u,3,u,0,u,2,u,2,u,13,u
S08000023,201605,165,u,143,u,22,u,0,u,0,u,10,u,20,u
S08000024,201605,296,u,166,u,41,u,39,u,50,u,16,u,56,u
S08000025,201605,7,u,7,u,0,u,0,u,0,u,4,u,16,u
S08000026,201605,7,u,1,u,6,u,0,u,0,u,25,u,35,u
S08000027,201605,151,u,149,u,0,u,2,u,0,u,13,u,17,u
S08000028,201605,8,u,8,u,0,u,0,u,0,u,4,u,7,u
S92000003,201605,1636,d u,1224,d u,312,d u,47,d u,53,d u,11,u,28,u
S08000015,201604,65,u,65,u,0,u,0,u,0,u,9,u,13,u
S08000016,201604,53,u,42,u,10,u,1,u,0,u,6,u,21,u
S08000017,201604,37,u,35,u,2,u,0,u,0,u,7,u,13,u
S08000018,201604,95,u,81,u,13,u,0,u,1,u,8,u,23,u
S08000019,201604,77,u,37,u,40,u,0,u,0,u,22,u,26,u
S08000020,201604,156,u,76,u,79,u,0,u,1,u,19,u,29,u
S08000021,201604,322,u,315,u,7,u,0,u,0,u,6,u,16,u
S08000022,201604,92,u,83,u,9,u,0,u,0,u,3,u,13,u
S08000023,201604,149,u,135,u,14,u,0,u,0,u,10,u,18,u
S08000024,201604,247,u,147,u,45,u,16,u,39,u,11,u,56,u
S08000025,201604,2,u,2,u,0,u,0,u,0,u,2,u,10,u
S08000026,201604,8,u,2,u,5,u,1,u,0,u,23,u,39,u
S08000027,201604,185,u,185,u,0,u,0,u,0,u,13,u,18,u
S08000028,201604,6,u,6,u,0,u,0,u,0,u,5,u,8,u
S92000003,201604,1494,d u,1211,d u,224,d u,18,d u,41,d u,10,u,25,u
S08000015,201603,101,u,99,u,2,u,0,u,0,u,7,u,14,u
S08000016,201603,61,u,48,u,11,u,2,u,0,u,6,u,23,u
S08000017,201603,30,u,29,u,1,u,0,u,0,u,8,u,17,u
S08000018,201603,102,u,85,u,15,u,1,u,1,u,6,u,22,u
S08000019,201603,89,u,35,u,53,u,1,u,0,u,23,u,24,u
S08000020,201603,157,u,84,u,67,u,6,u,0,u,18,u,33,u
S08000021,201603,334,u,334,u,0,u,0,u,0,u,6,u,16,u
S08000022,201603,32,u,30,u,2,u,0,u,0,u,10,u,18,u
S08000023,201603,180,u,157,u,23,u,0,u,0,u,7,u,20,u
S08000024,201603,208,u,145,u,24,u,16,u,23,u,10,u,53,u
S08000025,201603,2,u,2,u,0,u,0,u,0,u,4,u,4,u
S08000026,201603,1,u,0,u,0,u,0,u,1,u,53,u,53,u
S08000027,201603,249,u,247,u,1,u,1,u,0,u,5,u,10,u
S08000028,201603,18,u,18,u,0,u,0,u,0,u,4,u,7,u
S92000003,201603,1564,d u,1313,d u,199,d u,27,d u,25,d u,7,u,24,u
S08000015,201602,110,u,108,u,2,u,0,u,0,u,7,u,12,u
S08000016,201602,61,u,54,u,7,u,0,u,0,u,4,u,19,u
S08000017,201602,40,u,37,u,3,u,0,u,0,u,6,u,13,u
S08000018,201602,111,u,92,u,17,u,2,u,0,u,6,u,23,u
S08000019,201602,101,u,36,u,64,u,1,u,0,u,21,u,24,u
S08000020,201602,132,u,74,u,56,u,2,u,0,u,17,u,32,u
S08000021,201602,339,u,339,u,0,u,0,u,0,u,6,u,14,u
S08000022,201602,31,u,30,u,1,u,0,u,0,u,4,u,15,u
S08000023,201602,169,u,163,u,6,u,0,u,0,u,7,u,16,u
S08000024,201602,227,u,165,u,23,u,26,u,13,u,9,u,46,u
S08000025,201602,3,u,3,u,0,u,0,u,0,u,1,u,6,u
S08000026,201602,7,u,3,u,0,u,4,u,0,u,42,u,47,u
S08000027,201602,169,u,162,u,6,u,1,u,0,u,13,u,18,u
S08000028,201602,16,u,16,u,0,u,0,u,0,u,4,u,6,u
S92000003,201602,1516,d u,1282,d u,185,d u,36,d u,13,d u,8,u,23,u
S08000015,201601,91,u,88,u,3,u,0,u,0,u,7,u,11,u
S08000016,201601,58,u,48,u,10,u,0,u,0,u,4,u,23,u
S08000017,201601,35,u,35,u,0,u,0,u,0,u,9,u,14,u
S08000018,201601,128,u,108,u,15,u,5,u,0,u,7,u,27,u
S08000019,201601,77,u,47,u,30,u,0,u,0,u,14,u,22,u
S08000020,201601,117,u,71,u,45,u,1,u,0,u,16,u,33,u
S08000021,201601,349,u,347,u,2,u,0,u,0,u,8,u,16,u
S08000022,201601,35,u,31,u,4,u,0,u,0,u,2,u,20,u
S08000023,201601,155,u,147,u,8,u,0,u,0,u,10,u,17,u
S08000024,201601,199,u,112,u,36,u,37,u,14,u,17,u,50,u
S08000025,201601,10,u,10,u,0,u,0,u,0,u,1,u,10,u
S08000026,201601,2,u,2,u,0,u,0,u,0,u,10,u,17,u
S08000027,201601,152,u,146,u,5,u,1,u,0,u,15,u,18,u
S08000028,201601,8,u,8,u,0,u,0,u,0,u,2,u,8,u
S92000003,201601,1416,d u,1200,d u,158,d u,44,d u,14,d u,9,u,23,u
S08000015,201512,85,u,85,u,0,u,0,u,0,u,5,u,9,u
S08000016,201512,54,u,46,u,8,u,0,u,0,u,3,u,24,u
S08000017,201512,36,u,36,u,0,u,0,u,0,u,6,u,13,u
S08000018,201512,102,u,83,u,15,u,4,u,0,u,6,u,32,u
S08000019,201512,118,u,43,u,73,u,2,u,0,u,19,u,25,u
S08000020,201512,81,u,53,u,27,u,1,u,0,u,14,u,30,u
S08000021,201512,311,u,311,u,0,u,0,u,0,u,5,u,13,u
S08000022,201512,58,u,58,u,0,u,0,u,0,u,6,u,14,u
S08000023,201512,131,u,128,u,3,u,0,u,0,u,6,u,16,u
S08000024,201512,198,u,128,u,29,u,37,u,4,u,12,u,43,u
S08000025,201512,5,u,5,u,0,u,0,u,0,u,1,u,5,u
S08000026,201512,3,u,1,u,2,u,0,u,0,u,34,u,35,u
S08000027,201512,105,u,96,u,7,u,2,u,0,u,14,u,18,u
S08000028,201512,4,u,4,u,0,u,0,u,0,u,1,u,4,u
S92000003,201512,1291,d u,1077,d u,164,d u,46,d u,4,d u,7,u,24,u
S08000015,201511,97,u,96,u,1,u,0,u,0,u,5,u,9,u
S08000016,201511,62,u,43,u,19,u,0,u,0,u,8,u,26,u
S08000017,201511,27,u,27,u,0,u,0,u,0,u,7,u,13,u
S08000018,201511,157,u,130,u,17,u,7,u,3,u,6,u,28,u
S08000019,201511,162,u,46,u,115,u,1,u,0,u,24,u,32,u
S08000020,201511,114,u,47,u,65,u,2,u,0,u,22,u,31,u
S08000021,201511,327,u,327,u,0,u,0,u,0,u,5,u,12,u
S08000022,201511,61,u,56,u,5,u,0,u,0,u,1,u,12,u
S08000023,201511,198,u,172,u,26,u,0,u,0,u,6,u,20,u
S08000024,201511,267,u,143,u,62,u,54,u,8,u,15,u,44,u
S08000025,201511,3,u,3,u,0,u,0,u,0,u,5,u,7,u
S08000026,201511,2,u,1,u,1,u,0,u,0,u,4,u,22,u
S08000027,201511,193,u,142,u,51,u,0,u,0,u,16,u,22,u
S08000028,201511,10,u,10,u,0,u,0,u,0,u,4,u,7,u
S92000003,201511,1680,d u,1243,d u,362,d u,64,d u,11,d u,8,u,29,u
S08000015,201510,84,u,83,u,1,u,0,u,0,u,4,u,8,u
S08000016,201510,66,u,50,u,16,u,0,u,0,u,6,u,23,u
S08000017,201510,36,u,35,u,1,u,0,u,0,u,6,u,12,u
S08000018,201510,120,u,93,u,24,u,3,u,0,u,7,u,27,u
S08000019,201510,72,u,30,u,40,u,2,u,0,u,26,u,33,u
S08000020,201510,105,u,60,u,45,u,0,u,0,u,17,u,29,u
S08000021,201510,330,u,330,u,0,u,0,u,0,u,5,u,13,u
S08000022,201510,44,u,44,u,0,u,0,u,0,u,4,u,16,u
S08000023,201510,177,u,148,u,29,u,0,u,0,u,6,u,22,u
S08000024,201510,233,u,143,u,45,u,44,u,1,u,12,u,42,u
S08000025,201510,6,u,6,u,0,u,0,u,0,u,3,u,5,u
S08000026,201510,,:,,:,,:,,:,,:,,:,,:
S08000027,201510,252,u,83,u,167,u,2,u,0,u,21,u,26,u
S08000028,201510,9,u,9,u,0,u,0,u,0,u,4,u,9,u
S92000003,201510,1534,d u,1114,d u,368,d u,51,d u,1,d u,8,u,26,u
S08000015,201509,87,u,86,u,1,u,0,u,0,u,4,u,10,u
S08000016,201509,61,u,53,u,8,u,0,u,0,u,1,u,19,u
S08000017,201509,37,u,35,u,2,u,0,u,0,u,6,u,15,u
S08000018,201509,118,u,86,u,23,u,8,u,1,u,9,u,30,u
S08000019,201509,124,u,52,u,69,u,3,u,0,u,27,u,32,u
S08000020,201509,105,u,53,u,51,u,1,u,0,u,18,u,28,u
S08000021,201509,309,u,308,u,1,u,0,u,0,u,5,u,14,u
S08000022,201509,45,u,39,u,2,u,4,u,0,u,4,u,35,u
S08000023,201509,176,u,121,u,55,u,0,u,0,u,6,u,23,u
S08000024,201509,286,u,169,u,61,u,53,u,3,u,15,u,44,u
S08000025,201509,1,u,1,u,0,u,0,u,0,u,1,u,1,u
S08000026,201509,2,u,2,u,0,u,0,u,0,u,16,u,18,u
S08000027,201509,132,u,49,u,76,u,5,u,2,u,24,u,29,u
S08000028,201509,6,u,6,u,0,u,0,u,0,u,2,u,17,u
S92000003,201509,1489,d u,1060,d u,349,d u,74,d u,6,d u,9,u,30,u
S08000015,201508,69,u,68,u,1,u,0,u,0,u,4,u,12,u
S08000016,201508,56,u,42,u,14,u,0,u,0,u,9,u,27,u
S08000017,201508,25,u,24,u,1,u,0,u,0,u,8,u,15,u
S08000018,201508,77,u,52,u,14,u,7,u,4,u,9,u,41,u
S08000019,201508,64,u,29,u,32,u,3,u,0,u,21,u,31,u
S08000020,201508,103,u,49,u,54,u,0,u,0,u,19,u,26,u
S08000021,201508,267,u,266,u,1,u,0,u,0,u,5,u,15,u
S08000022,201508,40,u,35,u,5,u,0,u,0,u,5,u,19,u
S08000023,201508,158,u,132,u,26,u,0,u,0,u,7,u,23,u
S08000024,201508,265,u,201,u,34,u,27,u,3,u,9,u,40,u
S08000025,201508,1,u,1,u,0,u,0,u,0,u,8,u,8,u
S08000026,201508,4,u,3,u,1,u,0,u,0,u,13,u,26,u
S08000027,201508,200,u,57,u,118,u,22,u,3,u,25,u,38,u
S08000028,201508,6,u,6,u,0,u,0,u,0,u,4,u,11,u
S92000003,201508,1335,d u,965,d u,301,d u,59,d u,10,d u,9,u,29,u
S08000015,201507,102,u,97,u,4,u,1,u,0,u,5,u,13,u
S08000016,201507,35,u,24,u,11,u,0,u,0,u,7,u,21,u
S08000017,201507,35,u,34,u,1,u,0,u,0,u,7,u,13,u
S08000018,201507,116,u,80,u,24,u,8,u,4,u,8,u,38,u
S08000019,201507,59,u,38,u,20,u,1,u,0,u,8,u,30,u
S08000020,201507,101,u,65,u,36,u,0,u,0,u,17,u,27,u
S08000021,201507,342,u,342,u,0,u,0,u,0,u,6,u,15,u
S08000022,201507,49,u,49,u,0,u,0,u,0,u,4,u,15,u
S08000023,201507,141,u,118,u,23,u,0,u,0,u,6,u,21,u
S08000024,201507,225,u,159,u,35,u,30,u,1,u,9,u,41,u
S08000025,201507,2,u,2,u,0,u,0,u,0,u,1,u,5,u
S08000026,201507,4,u,2,u,2,u,0,u,0,u,17,u,22,u
S08000027,201507,200,u,58,u,82,u,59,u,1,u,29,u,41,u
S08000028,201507,4,u,4,u,0,u,0,u,0,u,3,u,6,u
S92000003,201507,1415,d u,1072,d u,238,d u,99,d u,6,d u,8,u,32,u
S08000015,201506,85,u,78,u,7,u,0,u,0,u,7,u,17,u
S08000016,201506,56,u,46,u,10,u,0,u,0,u,3,u,25,u
S08000017,201506,42,u,39,u,3,u,0,u,0,u,7,u,15,u
S08000018,201506,141,u,102,u,25,u,4,u,10,u,7,u,35,u
S08000019,201506,85,u,50,u,34,u,1,u,0,u,15,u,31,u
S08000020,201506,125,u,87,u,37,u,0,u,1,u,16,u,26,u
S08000021,201506,348,u,348,u,0,u,0,u,0,u,6,u,15,u
S08000022,201506,49,u,49,u,0,u,0,u,0,u,4,u,15,u
S08000023,201506,132,u,118,u,14,u,0,u,0,u,6,u,19,u
S08000024,201506,284,u,171,u,76,u,29,u,8,u,17,u,42,u
S08000025,201506,6,u,6,u,0,u,0,u,0,u,,:,,:
S08000026,201506,7,u,6,u,1,u,0,u,0,u,4,u,21,u
S08000027,201506,172,u,60,u,35,u,67,u,10,u,32,u,49,u
S08000028,201506,10,u,10,u,0,u,0,u,0,u,3,u,8,u
S92000003,201506,1542,d u,1170,d u,242,d u,101,d u,29,d u,9,u,34,u
S08000015,201505,70,u,67,u,2,u,1,u,0,u,7,u,12,u
S08000016,201505,49,u,44,u,5,u,0,u,0,u,4,u,19,u
S08000017,201505,31,u,31,u,0,u,0,u,0,u,7,u,11,u
S08000018,201505,98,u,78,u,12,u,5,u,3,u,6,u,30,u
S08000019,201505,80,u,35,u,42,u,3,u,0,u,22,u,30,u
S08000020,201505,127,u,90,u,37,u,0,u,0,u,15,u,26,u
S08000021,201505,369,u,369,u,0,u,0,u,0,u,6,u,15,u
S08000022,201505,29,u,28,u,1,u,0,u,0,u,8,u,18,u
S08000023,201505,172,u,155,u,17,u,0,u,0,u,8,u,18,u
S08000024,201505,247,u,140,u,78,u,29,u,0,u,17,u,38,u
S08000025,201505,7,u,7,u,0,u,0,u,0,u,2,u,6,u
S08000026,201505,,:,,:,,:,,:,,:,,:,,:
S08000027,201505,185,u,64,u,23,u,81,u,17,u,37,u,52,u
S08000028,201505,12,u,12,u,0,u,0,u,0,u,6,u,10,u
S92000003,201505,1476,d u,1120,d u,217,d u,119,d u,20,d u,9,u,35,u
S08000015,201504,81,u,79,u,2,u,0,u,0,u,7,u,10,u
S08000016,201504,63,u,56,u,7,u,0,u,0,u,3,u,19,u
S08000017,201504,31,u,31,u,0,u,0,u,0,u,7,u,13,u
S08000018,201504,100,u,85,u,14,u,1,u,0,u,5,u,20,u
S08000019,201504,55,u,25,u,30,u,0,u,0,u,20,u,27,u
S08000020,201504,108,u,80,u,27,u,1,u,0,u,14,u,26,u
S08000021,201504,377,u,377,u,0,u,0,u,0,u,7,u,16,u
S08000022,201504,41,u,36,u,5,u,0,u,0,u,7,u,19,u
S08000023,201504,159,u,142,u,17,u,0,u,0,u,7,u,19,u
S08000024,201504,226,u,130,u,60,u,32,u,4,u,19,u,42,u
S08000025,201504,2,u,2,u,0,u,0,u,0,u,3,u,6,u
S08000026,201504,,:,,:,,:,,:,,:,,:,,:
S08000027,201504,188,u,77,u,16,u,45,u,50,u,37,u,59,u
S08000028,201504,14,u,14,u,0,u,0,u,0,u,6,u,8,u
S92000003,201504,1445,d u,1134,d u,178,d u,79,d u,54,d u,8,u,34,u
S08000015,201503,82,u,76,u,5,u,1,u,0,u,6,u,13,u
S08000016,201503,48,u,43,u,5,u,0,u,0,u,5,u,22,u
S08000017,201503,33,u,33,u,0,u,0,u,0,u,7,u,12,u
S08000018,201503,96,u,77,u,15,u,3,u,1,u,6,u,28,u
S08000019,201503,37,u,18,u,15,u,4,u,0,u,20,u,41,u
S08000020,201503,98,u,73,u,23,u,1,u,1,u,14,u,24,u
S08000021,201503,432,u,429,u,3,u,0,u,0,u,6,u,16,u
S08000022,201503,52,u,49,u,3,u,0,u,0,u,6,u,16,u
S08000023,201503,168,u,159,u,9,u,0,u,0,u,5,u,15,u
S08000024,201503,188,u,117,u,49,u,17,u,5,u,16,u,37,u
S08000025,201503,4,u,4,u,0,u,0,u,0,u,2,u,7,u
S08000026,201503,,:,,:,,:,,:,,:,,:,,:
S08000027,201503,167,u,60,u,15,u,29,u,63,u,44,u,60,u
S08000028,201503,7,u,7,u,0,u,0,u,0,u,4,u,5,u
S92000003,201503,1412,d u,1145,d u,142,d u,55,d u,70,d u,7,u,31,u
S08000015,201502,80,u,75,u,3,u,1,u,1,u,6,u,12,u
S08000016,201502,44,u,41,u,3,u,0,u,0,u,3,u,15,u
S08000017,201502,32,u,32,u,0,u,0,u,0,u,7,u,14,u
S08000018,201502,107,u,89,u,15,u,3,u,0,u,8,u,24,u
S08000019,201502,18,u,9,u,9,u,0,u,0,u,17,u,26,u
S08000020,201502,94,u,70,u,24,u,0,u,0,u,14,u,22,u
S08000021,201502,372,u,366,u,6,u,0,u,0,u,7,u,15,u
S08000022,201502,41,u,40,u,1,u,0,u,0,u,3,u,17,u
S08000023,201502,167,u,160,u,7,u,0,u,0,u,5,u,15,u
S08000024,201502,210,u,105,u,78,u,21,u,6,u,18,u,39,u
S08000025,201502,6,u,6,u,0,u,0,u,0,u,5,u,8,u
S08000026,201502,4,u,3,u,1,u,0,u,0,u,15,u,19,u
S08000027,201502,205,u,62,u,4,u,26,u,113,u,55,u,73,u
S08000028,201502,11,u,11,u,0,u,0,u,0,u,6,u,10,u
S92000003,201502,1391,d u,1069,d u,151,d u,51,d u,120,d u,9,u,48,u
S08000015,201501,85,u,81,u,1,u,3,u,0,u,7,u,10,u
S08000016,201501,51,u,46,u,5,u,0,u,0,u,7,u,17,u
S08000017,201501,48,u,48,u,0,u,0,u,0,u,7,u,13,u
S08000018,201501,124,u,98,u,20,u,4,u,2,u,9,u,24,u
S08000019,201501,43,u,29,u,12,u,2,u,0,u,8,u,31,u
S08000020,201501,85,u,61,u,20,u,4,u,0,u,15,u,29,u
S08000021,201501,396,u,394,u,2,u,0,u,0,u,7,u,16,u
S08000022,201501,41,u,39,u,2,u,0,u,0,u,5,u,11,u
S08000023,201501,162,u,154,u,8,u,0,u,0,u,7,u,16,u
S08000024,201501,241,u,122,u,66,u,49,u,4,u,18,u,44,u
S08000025,201501,3,u,3,u,0,u,0,u,0,u,1,u,6,u
S08000026,201501,2,u,2,u,0,u,0,u,0,u,2,u,3,u
S08000027,201501,175,u,68,u,9,u,26,u,72,u,46,u,69,u
S08000028,201501,10,u,10,u,0,u,0,u,0,u,4,u,8,u
S92000003,201501,1466,d u,1155,d u,145,d u,88,d u,78,d u,9,u,40,u
S08000015,201412,105,u,102,u,1,u,2,u,0,u,7,u,13,u
S08000016,201412,56,u,56,u,0,u,0,u,0,u,4,u,11,u
S08000017,201412,22,u,22,u,0,u,0,u,0,u,6,u,11,u
S08000018,201412,84,u,66,u,10,u,8,u,0,u,6,u,31,u
S08000019,201412,41,u,25,u,12,u,2,u,2,u,14,u,35,u
S08000020,201412,108,u,65,u,42,u,1,u,0,u,16,u,28,u
S08000021,201412,376,u,374,u,2,u,0,u,0,u,5,u,14,u
S08000022,201412,31,u,30,u,1,u,0,u,0,u,5,u,12,u
S08000023,201412,150,u,139,u,10,u,1,u,0,u,5,u,17,u
S08000024,201412,187,u,99,u,29,u,45,u,14,u,17,u,46,u
S08000025,201412,3,u,3,u,0,u,0,u,0,u,5,u,5,u
S08000026,201412,2,u,2,u,0,u,0,u,0,u,3,u,6,u
S08000027,201412,92,u,48,u,5,u,10,u,29,u,15,u,65,u
S08000028,201412,9,u,9,u,0,u,0,u,0,u,4,u,14,u
S92000003,201412,1266,d u,1040,d u,112,d u,69,d u,45,d u,7,u,31,u
S08000015,201411,119,u,101,u,7,u,11,u,0,u,8,u,35,u
S08000016,201411,47,u,47,u,0,u,0,u,0,u,4,u,13,u
S08000017,201411,38,u,38,u,0,u,0,u,0,u,8,u,12,u
S08000018,201411,123,u,101,u,8,u,11,u,3,u,5,u,37,u
S08000019,201411,72,u,44,u,22,u,5,u,1,u,15,u,34,u
S08000020,201411,127,u,62,u,61,u,4,u,0,u,19,u,30,u
S08000021,201411,366,u,365,u,1,u,0,u,0,u,5,u,13,u
S08000022,201411,38,u,36,u,2,u,0,u,0,u,5,u,16,u
S08000023,201411,189,u,166,u,23,u,0,u,0,u,5,u,20,u
S08000024,201411,216,u,113,u,35,u,52,u,16,u,18,u,51,u
S08000025,201411,9,u,9,u,0,u,0,u,0,u,4,u,7,u
S08000026,201411,1,u,1,u,0,u,0,u,0,u,11,u,11,u
S08000027,201411,116,u,54,u,10,u,21,u,31,u,21,u,61,u
S08000028,201411,3,u,3,u,0,u,0,u,0,u,3,u,4,u
S92000003,201411,1464,d u,1140,d u,169,d u,104,d u,51,d u,8,u,37,u
S08000015,201410,95,u,77,u,14,u,4,u,0,u,9,u,26,u
S08000016,201410,62,u,61,u,1,u,0,u,0,u,2,u,15,u
S08000017,201410,33,u,33,u,0,u,0,u,0,u,6,u,11,u
S08000018,201410,124,u,87,u,21,u,15,u,1,u,6,u,38,u
S08000019,201410,69,u,34,u,27,u,8,u,0,u,19,u,36,u
S08000020,201410,125,u,57,u,62,u,6,u,0,u,19,u,33,u
S08000021,201410,414,u,402,u,12,u,0,u,0,u,6,u,16,u
S08000022,201410,21,u,19,u,2,u,0,u,0,u,5,u,18,u
S08000023,201410,174,u,147,u,27,u,0,u,0,u,6,u,21,u
S08000024,201410,202,u,116,u,37,u,33,u,16,u,16,u,47,u
S08000025,201410,5,u,5,u,0,u,0,u,0,u,1,u,7,u
S08000026,201410,7,u,6,u,1,u,0,u,0,u,7,u,26,u
S08000027,201410,105,u,61,u,12,u,7,u,25,u,14,u,61,u
S08000028,201410,6,u,6,u,0,u,0,u,0,u,5,u,9,u
S92000003,201410,1442,d u,1111,d u,216,d u,73,d u,42,d u,8,u,33,u
S08000015,201409,106,u,81,u,13,u,11,u,1,u,11,u,38,u
S08000016,201409,52,u,50,u,2,u,0,u,0,u,4,u,17,u
S08000017,201409,24,u,24,u,0,u,0,u,0,u,5,u,12,u
S08000018,201409,133,u,91,u,15,u,22,u,5,u,8,u,42,u
S08000019,201409,48,u,25,u,13,u,10,u,0,u,14,u,40,u
S08000020,201409,129,u,69,u,54,u,5,u,1,u,18,u,33,u
S08000021,201409,382,u,376,u,6,u,0,u,0,u,6,u,16,u
S08000022,201409,,:,,:,,:,,:,,:,,:,,:
S08000023,201409,150,u,120,u,30,u,0,u,0,u,6,u,24,u
S08000024,201409,202,u,140,u,28,u,22,u,12,u,11,u,42,u
S08000025,201409,4,u,4,u,0,u,0,u,0,u,1,u,11,u
S08000026,201409,6,u,6,u,0,u,0,u,0,u,3,u,8,u
S08000027,201409,92,u,45,u,15,u,12,u,20,u,19,u,60,u
S08000028,201409,5,u,5,u,0,u,0,u,0,u,1,u,3,u
S92000003,201409,1333,d u,1036,d u,176,d u,82,d u,39,d u,9,u,34,u
S08000015,201408,68,u,49,u,10,u,5,u,4,u,10,u,42,u
S08000016,201408,48,u,45,u,3,u,0,u,0,u,4,u,14,u
S08000017,201408,24,u,24,u,0,u,0,u,0,u,5,u,11,u
S08000018,201408,100,u,65,u,15,u,19,u,1,u,11,u,38,u
S08000019,201408,23,u,11,u,5,u,5,u,2,u,22,u,48,u
S08000020,201408,90,u,54,u,31,u,5,u,0,u,17,u,32,u
S08000021,201408,318,u,307,u,11,u,0,u,0,u,6,u,17,u
S08000022,201408,,:,,:,,:,,:,,:,,:,,:
S08000023,201408,116,u,83,u,32,u,1,u,0,u,7,u,27,u
S08000024,201408,105,u,66,u,13,u,16,u,10,u,14,u,47,u
S08000025,201408,3,u,3,u,0,u,0,u,0,u,8,u,11,u
S08000026,201408,6,u,6,u,0,u,0,u,0,u,7,u,15,u
S08000027,201408,89,u,44,u,12,u,19,u,14,u,19,u,59,u
S08000028,201408,7,u,7,u,0,u,0,u,0,u,5,u,11,u
S92000003,201408,997,d u,764,d u,132,d u,70,d u,31,d u,9,u,36,u
S08000015,201407,61,u,34,u,20,u,4,u,3,u,16,u,42,u
S08000016,201407,53,u,53,u,0,u,0,u,0,u,6,u,15,u
S08000017,201407,27,u,27,u,0,u,0,u,0,u,7,u,13,u
S08000018,201407,96,u,75,u,12,u,8,u,1,u,6,u,34,u
S08000019,201407,46,u,28,u,11,u,3,u,4,u,17,u,48,u
S08000020,201407,111,u,63,u,43,u,4,u,1,u,17,u,33,u
S08000021,201407,362,u,353,u,9,u,0,u,0,u,6,u,17,u
S08000022,201407,,:,,:,,:,,:,,:,,:,,:
S08000023,201407,130,u,99,u,31,u,0,u,0,u,5,u,23,u
S08000024,201407,,:,,:,,:,,:,,:,,:,,:
S08000025,201407,3,u,3,u,0,u,0,u,0,u,7,u,10,u
S08000026,201407,10,u,9,u,1,u,0,u,0,u,7,u,18,u
S08000027,201407,92,u,49,u,18,u,10,u,15,u,16,u,56,u
S08000028,201407,2,u,2,u,0,u,0,u,0,u,2,u,2,u
S92000003,201407,993,d u,795,d u,145,d u,29,d u,24,d u,8,u,26,u
S08000015,201406,105,u,43,u,24,u,32,u,6,u,32,u,52,u
S08000016,201406,35,u,35,u,0,u,0,u,0,u,5,u,15,u
S08000017,201406,41,u,41,u,0,u,0,u,0,u,7,u,16,u
S08000018,201406,117,u,90,u,9,u,18,u,0,u,8,u,40,u
S08000019,201406,30,u,19,u,8,u,3,u,0,u,16,u,35,u
S08000020,201406,125,u,81,u,33,u,9,u,2,u,16,u,35,u
S08000021,201406,324,u,320,u,4,u,0,u,0,u,6,u,17,u
S08000022,201406,,:,,:,,:,,:,,:,,:,,:
S08000023,201406,163,u,129,u,34,u,0,u,0,u,7,u,24,u
S08000024,201406,,:,,:,,:,,:,,:,,:,,:
S08000025,201406,5,u,5,u,0,u,0,u,0,u,4,u,7,u
S08000026,201406,7,u,5,u,2,u,0,u,0,u,14,u,28,u
S08000027,201406,90,u,57,u,14,u,8,u,11,u,11,u,55,u
S08000028,201406,6,u,6,u,0,u,0,u,0,u,1,u,4,u
S92000003,201406,1048,d u,831,d u,128,d u,70,d u,19,d u,9,u,32,u
S08000015,201405,111,u,53,u,21,u,26,u,11,u,25,u,56,u
S08000016,201405,57,u,57,u,0,u,0,u,0,u,6,u,13,u
S08000017,201405,36,u,36,u,0,u,0,u,0,u,8,u,11,u
S08000018,201405,103,u,96,u,2,u,5,u,0,u,6,u,16,u
S08000019,201405,42,u,32,u,6,u,3,u,1,u,11,u,33,u
S08000020,201405,120,u,74,u,44,u,2,u,0,u,15,u,31,u
S08000021,201405,390,u,388,u,2,u,0,u,0,u,6,u,15,u
S08000022,201405,,:,,:,,:,,:,,:,,:,,:
S08000023,201405,218,u,196,u,22,u,0,u,0,u,5,u,20,u
S08000024,201405,159,u,108,u,30,u,20,u,1,u,13,u,39,u
S08000025,201405,3,u,3,u,0,u,0,u,0,u,3,u,7,u
S08000026,201405,0,u,0,u,0,u,0,u,0,u,0,u,0,u
S08000027,201405,116,u,82,u,16,u,10,u,8,u,9,u,51,u
S08000028,201405,4,u,4,u,0,u,0,u,0,u,3,u,7,u
S92000003,201405,1359,d u,1129,d u,143,d u,66,d u,21,d u,8,u,27,u
S08000015,201404,74,u,46,u,22,u,6,u,0,u,17,u,36,u
S08000016,201404,43,u,43,u,0,u,0,u,0,u,5,u,8,u
S08000017,201404,37,u,37,u,0,u,0,u,0,u,6,u,12,u
S08000018,201404,107,u,94,u,8,u,5,u,0,u,7,u,25,u
S08000019,201404,43,u,36,u,6,u,0,u,1,u,9,u,21,u
S08000020,201404,118,u,72,u,42,u,4,u,0,u,15,u,30,u
S08000021,201404,329,u,328,u,1,u,0,u,0,u,6,u,15,u
S08000022,201404,,:,,:,,:,,:,,:,,:,,:
S08000023,201404,130,u,109,u,21,u,0,u,0,u,6,u,21,u
S08000024,201404,157,u,117,u,24,u,16,u,0,u,10,u,37,u
S08000025,201404,3,u,3,u,0,u,0,u,0,u,4,u,9,u
S08000026,201404,3,u,2,u,1,u,0,u,0,u,6,u,21,u
S08000027,201404,102,u,71,u,18,u,12,u,1,u,9,u,42,u
S08000028,201404,7,u,7,u,0,u,0,u,0,u,5,u,13,u
S92000003,201404,1153,d u,965,d u,143,d u,43,d u,2,d u,8,u,25,u
S08000015,201403,97,u,61,u,18,u,13,u,5,u,17,u,50,u
S08000016,201403,49,u,49,u,0,u,0,u,0,u,2,u,7,u
S08000017,201403,24,u,24,u,0,u,0,u,0,u,7,u,15,u
S08000018,201403,99,u,90,u,7,u,2,u,0,u,7,u,18,u
S08000019,201403,52,u,45,u,4,u,3,u,0,u,7,u,19,u
S08000020,201403,94,u,72,u,18,u,4,u,0,u,15,u,27,u
S08000021,201403,324,u,317,u,7,u,0,u,0,u,7,u,16,u
S08000022,201403,,:,,:,,:,,:,,:,,:,,:
S08000023,201403,143,u,117,u,26,u,0,u,0,u,6,u,21,u
S08000024,201403,136,u,103,u,19,u,14,u,0,u,11,u,36,u
S08000025,201403,7,u,7,u,0,u,0,u,0,u,5,u,13,u
S08000026,201403,3,u,3,u,0,u,0,u,0,u,5,u,7,u
S08000027,201403,74,u,49,u,12,u,13,u,0,u,9,u,38,u
S08000028,201403,12,u,12,u,0,u,0,u,0,u,3,u,7,u
S92000003,201403,1114,d u,949,d u,111,d u,49,d u,5,d u,7,u,23,u
S08000015,201402,107,u,60,u,22,u,25,u,0,u,22,u,45,u
S08000016,201402,50,u,50,u,0,u,0,u,0,u,4,u,9,u
S08000017,201402,36,u,36,u,0,u,0,u,0,u,8,u,13,u
S08000018,201402,106,u,90,u,10,u,6,u,0,u,6,u,26,u
S08000019,201402,38,u,28,u,6,u,4,u,0,u,12,u,36,u
S08000020,201402,110,u,65,u,43,u,2,u,0,u,15,u,28,u
S08000021,201402,323,u,322,u,1,u,0,u,0,u,5,u,14,u
S08000022,201402,111,u,106,u,5,u,0,u,0,u,6,u,16,u
S08000023,201402,128,u,109,u,19,u,0,u,0,u,5,u,21,u
S08000024,201402,156,u,116,u,26,u,14,u,0,u,8,u,35,u
S08000025,201402,6,u,6,u,0,u,0,u,0,u,2,u,10,u
S08000026,201402,5,u,3,u,2,u,0,u,0,u,10,u,22,u
S08000027,201402,92,u,55,u,16,u,21,u,0,u,12,u,40,u
S08000028,201402,9,u,9,u,0,u,0,u,0,u,3,u,8,u
S92000003,201402,1277,d u,1055,d u,150,d u,72,d u,0,d u,8,u,26,u
S08000015,201401,83,u,70,u,11,u,2,u,0,u,12,u,26,u
S08000016,201401,55,u,55,u,0,u,0,u,0,u,5,u,11,u
S08000017,201401,39,u,39,u,0,u,0,u,0,u,8,u,13,u
S08000018,201401,114,u,100,u,10,u,4,u,0,u,7,u,19,u
S08000019,201401,39,u,29,u,9,u,1,u,0,u,11,u,22,u
S08000020,201401,111,u,73,u,34,u,3,u,1,u,15,u,30,u
S08000021,201401,343,u,338,u,5,u,0,u,0,u,7,u,16,u
S08000022,201401,146,u,137,u,9,u,0,u,0,u,8,u,16,u
S08000023,201401,138,u,114,u,24,u,0,u,0,u,7,u,23,u
S08000024,201401,144,u,86,u,36,u,21,u,1,u,12,u,41,u
S08000025,201401,7,u,7,u,0,u,0,u,0,u,2,u,4,u
S08000026,201401,9,u,9,u,0,u,0,u,0,u,7,u,11,u
S08000027,201401,110,u,65,u,28,u,17,u,0,u,13,u,38,u
S08000028,201401,4,u,4,u,0,u,0,u,0,u,1,u,9,u
S92000003,201401,1342,d u,1126,d u,166,d u,48,d u,2,d u,8,u,25,u
S08000015,201312,30,u,25,u,5,u,0,u,0,u,13,u,27,u
S08000016,201312,50,u,50,u,0,u,0,u,0,u,1,u,10,u
S08000017,201312,19,u,19,u,0,u,0,u,0,u,5,u,11,u
S08000018,201312,77,u,61,u,14,u,2,u,0,u,6,u,31,u
S08000019,201312,15,u,14,u,1,u,0,u,0,u,6,u,16,u
S08000020,201312,73,u,45,u,27,u,1,u,0,u,15,u,29,u
S08000021,201312,239,u,235,u,4,u,0,u,0,u,6,u,15,u
S08000022,201312,80,u,79,u,1,u,0,u,0,u,7,u,15,u
S08000023,201312,112,u,99,u,13,u,0,u,0,u,5,u,19,u
S08000024,201312,120,u,78,u,29,u,12,u,1,u,9,u,36,u
S08000025,201312,9,u,9,u,0,u,0,u,0,u,5,u,10,u
S08000026,201312,4,u,4,u,0,u,0,u,0,u,6,u,10,u
S08000027,201312,73,u,47,u,20,u,6,u,0,u,10,u,35,u
S08000028,201312,8,u,8,u,0,u,0,u,0,u,2,u,14,u
S92000003,201312,909,d u,773,d u,114,d u,21,d u,1,d u,7,u,26,u
S08000015,201311,70,u,44,u,18,u,8,u,0,u,13,u,37,u
S08000016,201311,59,u,59,u,0,u,0,u,0,u,4,u,9,u
S08000017,201311,36,u,36,u,0,u,0,u,0,u,7,u,14,u
S08000018,201311,93,u,82,u,9,u,2,u,0,u,7,u,20,u
S08000019,201311,24,u,19,u,4,u,1,u,0,u,4,u,27,u
S08000020,201311,112,u,54,u,49,u,9,u,0,u,19,u,34,u
S08000021,201311,324,u,323,u,1,u,0,u,0,u,6,u,15,u
S08000022,201311,83,u,77,u,6,u,0,u,0,u,7,u,18,u
S08000023,201311,134,u,101,u,33,u,0,u,0,u,6,u,21,u
S08000024,201311,177,u,117,u,39,u,20,u,1,u,9,u,36,u
S08000025,201311,2,u,2,u,0,u,0,u,0,u,4,u,7,u
S08000026,201311,4,u,4,u,0,u,0,u,0,u,11,u,16,u
S08000027,201311,113,u,55,u,52,u,6,u,0,u,21,u,33,u
S08000028,201311,10,u,10,u,0,u,0,u,0,u,2,u,7,u
S92000003,201311,1241,d u,983,d u,211,d u,46,d u,1,d u,8,u,28,u
S08000015,201310,61,u,38,u,21,u,2,u,0,u,15,u,32,u
S08000016,201310,57,u,55,u,2,u,0,u,0,u,4,u,12,u
S08000017,201310,32,u,32,u,0,u,0,u,0,u,7,u,15,u
S08000018,201310,93,u,83,u,7,u,3,u,0,u,5,u,23,u
S08000019,201310,43,u,35,u,8,u,0,u,0,u,8,u,25,u
S08000020,201310,77,u,46,u,23,u,7,u,1,u,14,u,36,u
S08000021,201310,254,u,253,u,1,u,0,u,0,u,6,u,16,u
S08000022,201310,103,u,98,u,5,u,0,u,0,u,6,u,17,u
S08000023,201310,137,u,120,u,17,u,0,u,0,u,5,u,19,u
S08000024,201310,183,u,139,u,34,u,9,u,1,u,8,u,33,u
S08000025,201310,7,u,7,u,0,u,0,u,0,u,3,u,7,u
S08000026,201310,1,u,1,u,0,u,0,u,0,u,15,u,15,u
S08000027,201310,128,u,80,u,45,u,3,u,0,u,11,u,33,u
S08000028,201310,4,u,4,u,0,u,0,u,0,u,1,u,4,u
S92000003,201310,1180,d u,991,d u,163,d u,24,d u,2,d u,7,u,25,u
S08000015,201309,60,u,44,u,15,u,1,u,0,u,12,u,30,u
S08000016,201309,38,u,37,u,1,u,0,u,0,u,2,u,10,u
S08000017,201309,24,u,24,u,0,u,0,u,0,u,7,u,13,u
S08000018,201309,101,u,92,u,7,u,2,u,0,u,4,u,16,u
S08000019,201309,43,u,41,u,2,u,0,u,0,u,7,u,17,u
S08000020,201309,,:,,:,,:,,:,,:,,:,,:
S08000021,201309,272,u,257,u,15,u,0,u,0,u,6,u,17,u
S08000022,201309,79,u,70,u,8,u,1,u,0,u,6,u,27,u
S08000023,201309,107,u,89,u,18,u,0,u,0,u,4,u,21,u
S08000024,201309,143,u,108,u,28,u,7,u,0,u,7,u,31,u
S08000025,201309,2,u,2,u,0,u,0,u,0,u,1,u,16,u
S08000026,201309,4,u,4,u,0,u,0,u,0,u,5,u,6,u
S08000027,201309,99,u,61,u,38,u,0,u,0,u,11,u,29,u
S08000028,201309,11,u,11,u,0,u,0,u,0,u,3,u,6,u
S92000003,201309,983,d u,840,d u,132,d u,11,d u,0,d u,6,u,22,u
S08000015,201308,55,u,33,u,20,u,2,u,0,u,15,u,30,u
S08000016,201308,38,u,33,u,5,u,0,u,0,u,4,u,19,u
S08000017,201308,25,u,24,u,1,u,0,u,0,u,6,u,14,u
S08000018,201308,88,u,71,u,14,u,3,u,0,u,7,u,22,u
S08000019,201308,32,u,29,u,3,u,0,u,0,u,11,u,17,u
S08000020,201308,,:,,:,,:,,:,,:,,:,,:
S08000021,201308,264,u,244,u,20,u,0,u,0,u,7,u,17,u
S08000022,201308,70,u,62,u,7,u,1,u,0,u,7,u,19,u
S08000023,201308,109,u,88,u,21,u,0,u,0,u,8,u,20,u
S08000024,201308,168,u,121,u,41,u,6,u,0,u,11,u,29,u
S08000025,201308,5,u,5,u,0,u,0,u,0,u,8,u,10,u
S08000026,201308,6,u,6,u,0,u,0,u,0,u,5,u,18,u
S08000027,201308,109,u,65,u,43,u,1,u,0,u,13,u,29,u
S08000028,201308,7,u,7,u,0,u,0,u,0,u,4,u,8,u
S92000003,201308,976,d u,788,d u,175,d u,13,d u,0,d u,8,u,24,u
S08000015,201307,60,u,38,u,21,u,1,u,0,u,12,u,31,u
S08000016,201307,48,u,43,u,5,u,0,u,0,u,4,u,22,u
S08000017,201307,35,u,34,u,1,u,0,u,0,u,8,u,13,u
S08000018,201307,99,u,89,u,10,u,0,u,0,u,5,u,19,u
S08000019,201307,36,u,33,u,3,u,0,u,0,u,6,u,18,u
S08000020,201307,,:,,:,,:,,:,,:,,:,,:
S08000021,201307,276,u,267,u,9,u,0,u,0,u,7,u,15,u
S08000022,201307,61,u,56,u,4,u,1,u,0,u,5,u,15,u
S08000023,201307,117,u,92,u,25,u,0,u,0,u,6,u,21,u
S08000024,201307,141,u,122,u,15,u,3,u,1,u,5,u,29,u
S08000025,201307,5,u,5,u,0,u,0,u,0,u,8,u,9,u
S08000026,201307,3,u,3,u,0,u,0,u,0,u,4,u,8,u
S08000027,201307,109,u,58,u,50,u,1,u,0,u,15,u,29,u
S08000028,201307,7,u,7,u,0,u,0,u,0,u,3,u,7,u
S92000003,201307,997,d u,847,d u,143,d u,6,d u,1,d u,7,u,22,u
S08000015,201306,31,u,23,u,8,u,0,u,0,u,6,u,24,u
S08000016,201306,57,u,56,u,1,u,0,u,0,u,2,u,15,u
S08000017,201306,26,u,25,u,1,u,0,u,0,u,5,u,15,u
S08000018,201306,82,u,73,u,9,u,0,u,0,u,6,u,19,u
S08000019,201306,33,u,31,u,2,u,0,u,0,u,11,u,17,u
S08000020,201306,,:,,:,,:,,:,,:,,:,,:
S08000021,201306,310,u,304,u,6,u,0,u,0,u,6,u,15,u
S08000022,201306,80,u,60,u,15,u,5,u,0,u,6,u,33,u
S08000023,201306,120,u,112,u,8,u,0,u,0,u,4,u,17,u
S08000024,201306,156,u,119,u,35,u,2,u,0,u,8,u,30,u
S08000025,201306,0,u,0,u,0,u,0,u,0,u,0,u,0,u
S08000026,201306,9,u,7,u,2,u,0,u,0,u,7,u,27,u
S08000027,201306,113,u,68,u,45,u,0,u,0,u,13,u,28,u
S08000028,201306,7,u,7,u,0,u,0,u,0,u,3,u,5,u
S92000003,201306,1024,d u,885,d u,132,d u,7,d u,0,d u,6,u,22,u
S08000015,201305,61,u,40,u,21,u,0,u,0,u,14,u,24,u
S08000016,201305,55,u,51,u,4,u,0,u,0,u,5,u,16,u
S08000017,201305,37,u,37,u,0,u,0,u,0,u,9,u,14,u
S08000018,201305,117,u,103,u,14,u,0,u,0,u,7,u,22,u
S08000019,201305,59,u,56,u,3,u,0,u,0,u,10,u,17,u
S08000020,201305,,:,,:,,:,,:,,:,,:,,:
S08000021,201305,377,u,369,u,8,u,0,u,0,u,5,u,16,u
S08000022,201305,73,u,64,u,9,u,0,u,0,u,7,u,19,u
S08000023,201305,170,u,148,u,22,u,0,u,0,u,5,u,19,u
S08000024,201305,174,u,127,u,38,u,8,u,1,u,9,u,29,u
S08000025,201305,6,u,6,u,0,u,0,u,0,u,3,u,13,u
S08000026,201305,6,u,6,u,0,u,0,u,0,u,6,u,15,u
S08000027,201305,131,u,79,u,52,u,0,u,0,u,10,u,24,u
S08000028,201305,7,u,7,u,0,u,0,u,0,u,3,u,11,u
S92000003,201305,1273,d u,1093,d u,171,d u,8,d u,1,d u,7,u,21,u
S08000015,201304,68,u,53,u,13,u,2,u,0,u,11,u,25,u
S08000016,201304,78,u,77,u,1,u,0,u,0,u,4,u,10,u
S08000017,201304,42,u,42,u,0,u,0,u,0,u,8,u,13,u
S08000018,201304,105,u,85,u,20,u,0,u,0,u,7,u,22,u
S08000019,201304,41,u,38,u,3,u,0,u,0,u,9,u,17,u
S08000020,201304,,:,,:,,:,,:,,:,,:,,:
S08000021,201304,315,u,290,u,25,u,0,u,0,u,7,u,18,u
S08000022,201304,62,u,56,u,6,u,0,u,0,u,5,u,16,u
S08000023,201304,157,u,130,u,27,u,0,u,0,u,6,u,21,u
S08000024,201304,141,u,119,u,19,u,2,u,1,u,6,u,24,u
S08000025,201304,4,u,4,u,0,u,0,u,0,u,4,u,9,u
S08000026,201304,6,u,6,u,0,u,0,u,0,u,5,u,15,u
S08000027,201304,129,u,88,u,41,u,0,u,0,u,8,u,22,u
S08000028,201304,5,u,5,u,0,u,0,u,0,u,5,u,13,u
S92000003,201304,1153,d u,993,d u,155,d u,4,d u,1,d u,6,u,21,u
S08000015,201303,69,u,50,u,17,u,2,u,0,u,10,u,26,u
S08000016,201303,63,u,63,u,0,u,0,u,0,u,4,u,8,u
S08000017,201303,22,u,22,u,0,u,0,u,0,u,8,u,14,u
S08000018,201303,103,u,90,u,13,u,0,u,0,u,6,u,23,u
S08000019,201303,31,u,28,u,3,u,0,u,0,u,9,u,17,u
S08000020,201303,,:,,:,,:,,:,,:,,:,,:
S08000021,201303,315,u,298,u,17,u,0,u,0,u,5,u,15,u
S08000022,201303,96,u,91,u,3,u,0,u,2,u,5,u,14,u
S08000023,201303,101,u,93,u,8,u,0,u,0,u,5,u,17,u
S08000024,201303,118,u,98,u,20,u,0,u,0,u,9,u,23,u
S08000025,201303,2,u,2,u,0,u,0,u,0,u,3,u,8,u
S08000026,201303,3,u,3,u,0,u,0,u,0,u,3,u,18,u
S08000027,201303,129,u,90,u,38,u,1,u,0,u,8,u,22,u
S08000028,201303,5,u,5,u,0,u,0,u,0,u,6,u,15,u
S92000003,201303,1057,d u,933,d u,119,d u,3,d u,2,d u,6,u,19,u
S08000015,201302,75,u,48,u,25,u,2,u,0,u,13,u,31,u
S08000016,201302,66,u,65,u,1,u,0,u,0,u,3,u,9,u
S08000017,201302,43,u,43,u,0,u,0,u,0,u,7,u,13,u
S08000018,201302,132,u,104,u,22,u,6,u,0,u,7,u,27,u
S08000019,201302,35,u,33,u,1,u,1,u,0,u,9,u,18,u
S08000020,201302,,:,,:,,:,,:,,:,,:,,:
S08000021,201302,337,u,318,u,19,u,0,u,0,u,6,u,16,u
S08000022,201302,73,u,68,u,3,u,1,u,1,u,5,u,13,u
S08000023,201302,138,u,130,u,8,u,0,u,0,u,4,u,17,u
S08000024,201302,190,u,157,u,27,u,6,u,0,u,6,u,22,u
S08000025,201302,13,u,13,u,0,u,0,u,0,u,8,u,12,u
S08000026,201302,1,u,1,u,0,u,0,u,0,u,10,u,10,u
S08000027,201302,154,u,90,u,61,u,3,u,0,u,13,u,26,u
S08000028,201302,7,u,7,u,0,u,0,u,0,u,5,u,11,u
S92000003,201302,1264,d u,1077,d u,167,d u,19,d u,1,d u,7,u,21,u
S08000015,201301,64,u,43,u,18,u,2,u,1,u,9,u,32,u
S08000016,201301,40,u,39,u,1,u,0,u,0,u,5,u,13,u
S08000017,201301,30,u,30,u,0,u,0,u,0,u,6,u,16,u
S08000018,201301,118,u,102,u,10,u,5,u,1,u,7,u,24,u
S08000019,201301,32,u,31,u,1,u,0,u,0,u,10,u,13,u
S08000020,201301,,:,,:,,:,,:,,:,,:,,:
S08000021,201301,382,u,316,u,63,u,3,u,0,u,7,u,23,u
S08000022,201301,76,u,74,u,1,u,0,u,1,u,7,u,12,u
S08000023,201301,130,u,114,u,16,u,0,u,0,u,7,u,19,u
S08000024,201301,171,u,131,u,35,u,5,u,0,u,7,u,30,u
S08000025,201301,2,u,2,u,0,u,0,u,0,u,5,u,6,u
S08000026,201301,5,u,5,u,0,u,0,u,0,u,10,u,17,u
S08000027,201301,132,u,91,u,40,u,1,u,0,u,11,u,30,u
S08000028,201301,8,u,8,u,0,u,0,u,0,u,3,u,7,u
S92000003,201301,1190,d u,986,d u,185,d u,16,d u,3,d u,7,u,24,u
S08000015,201212,38,u,25,u,8,u,5,u,0,u,11,u,38,u
S08000016,201212,53,u,53,u,0,u,0,u,0,u,3,u,8,u
S08000017,201212,24,u,24,u,0,u,0,u,0,u,4,u,11,u
S08000018,201212,42,u,33,u,9,u,0,u,0,u,5,u,23,u
S08000019,201212,35,u,31,u,4,u,0,u,0,u,9,u,22,u
S08000020,201212,,:,,:,,:,,:,,:,,:,,:
S08000021,201212,309,u,261,u,38,u,10,u,0,u,6,u,25,u
S08000022,201212,57,u,53,u,2,u,2,u,0,u,6,u,10,u
S08000023,201212,93,u,79,u,14,u,0,u,0,u,5,u,23,u
S08000024,201212,92,u,67,u,24,u,1,u,0,u,12,u,25,u
S08000025,201212,5,u,5,u,0,u,0,u,0,u,5,u,7,u
S08000026,201212,7,u,7,u,0,u,0,u,0,u,4,u,6,u
S08000027,201212,81,u,58,u,23,u,0,u,0,u,9,u,29,u
S08000028,201212,11,u,11,u,0,u,0,u,0,u,2,u,3,u
S92000003,201212,847,d u,707,d u,122,d u,18,d u,0,d u,6,u,24,u
S08000015,201211,61,u,30,u,31,u,0,u,0,u,19,u,31,u
S08000016,201211,47,u,47,u,0,u,0,u,0,u,4,u,10,u
S08000017,201211,40,u,40,u,0,u,0,u,0,u,6,u,10,u
S08000018,201211,92,u,79,u,10,u,2,u,1,u,5,u,21,u
S08000019,201211,45,u,41,u,4,u,0,u,0,u,8,u,16,u
S08000020,201211,,:,,:,,:,,:,,:,,:,,:
S08000021,201211,417,u,353,u,46,u,18,u,0,u,6,u,25,u
S08000022,201211,72,u,69,u,2,u,1,u,0,u,7,u,14,u
S08000023,201211,147,u,130,u,17,u,0,u,0,u,6,u,21,u
S08000024,201211,160,u,112,u,39,u,8,u,1,u,10,u,31,u
S08000025,201211,6,u,6,u,0,u,0,u,0,u,3,u,6,u
S08000026,201211,4,u,4,u,0,u,0,u,0,u,6,u,7,u
S08000027,201211,137,u,104,u,33,u,0,u,0,u,13,u,28,u
S08000028,201211,8,u,8,u,0,u,0,u,0,u,2,u,5,u
S92000003,201211,1236,d u,1023,d u,182,d u,29,d u,2,d u,7,u,25,u
S08000015,201210,57,u,26,u,22,u,9,u,0,u,21,u,38,u
S08000016,201210,41,u,41,u,0,u,0,u,0,u,3,u,7,u
S08000017,201210,30,u,30,u,0,u,0,u,0,u,5,u,10,u
S08000018,201210,61,u,40,u,17,u,3,u,1,u,11,u,25,u
S08000019,201210,35,u,33,u,1,u,1,u,0,u,9,u,18,u
S08000020,201210,,:,,:,,:,,:,,:,,:,,:
S08000021,201210,378,u,312,u,42,u,24,u,0,u,6,u,28,u
S08000022,201210,67,u,54,u,11,u,2,u,0,u,8,u,27,u
S08000023,201210,130,u,117,u,13,u,0,u,0,u,6,u,18,u
S08000024,201210,150,u,98,u,50,u,2,u,0,u,12,u,30,u
S08000025,201210,8,u,8,u,0,u,0,u,0,u,5,u,18,u
S08000026,201210,5,u,5,u,0,u,0,u,0,u,4,u,9,u
S08000027,201210,111,u,84,u,27,u,0,u,0,u,9,u,22,u
S08000028,201210,10,u,10,u,0,u,0,u,0,u,2,u,5,u
S92000003,201210,1083,d u,858,d u,183,d u,41,d u,1,d u,7,u,25,u
S08000015,201209,53,u,23,u,22,u,7,u,1,u,22,u,40,u
S08000016,201209,62,u,62,u,0,u,0,u,0,u,2,u,8,u
S08000017,201209,28,u,28,u,0,u,0,u,0,u,6,u,16,u
S08000018,201209,,:,,:,,:,,:,,:,,:,,:
S08000019,201209,27,u,27,u,0,u,0,u,0,u,6,u,16,u
S08000020,201209,,:,,:,,:,,:,,:,,:,,:
S08000021,201209,287,u,204,u,66,u,16,u,1,u,11,u,32,u
S08000022,201209,78,u,67,u,8,u,2,u,1,u,8,u,27,u
S08000023,201209,86,u,76,u,9,u,1,u,0,u,5,u,25,u
S08000024,201209,86,u,62,u,21,u,3,u,0,u,12,u,32,u
S08000025,201209,6,u,6,u,0,u,0,u,0,u,6,u,6,u
S08000026,201209,3,u,3,u,0,u,0,u,0,u,4,u,12,u
S08000027,201209,75,u,59,u,15,u,1,u,0,u,13,u,23,u
S08000028,201209,16,u,16,u,0,u,0,u,0,u,2,u,8,u
S92000003,201209,807,d u,633,d u,141,d u,30,d u,3,d u,9,u,29,u
S08000015,201208,69,u,19,u,46,u,4,u,0,u,22,u,33,u
S08000016,201208,40,u,40,u,0,u,0,u,0,u,4,u,10,u
S08000017,201208,22,u,22,u,0,u,0,u,0,u,5,u,9,u
S08000018,201208,,:,,:,,:,,:,,:,,:,,:
S08000019,201208,44,u,42,u,2,u,0,u,0,u,8,u,17,u
S08000020,201208,,:,,:,,:,,:,,:,,:,,:
S08000021,201208,269,u,215,u,34,u,18,u,2,u,8,u,29,u
S08000022,201208,60,u,53,u,4,u,2,u,1,u,9,u,19,u
S08000023,201208,102,u,91,u,10,u,1,u,0,u,6,u,21,u
S08000024,201208,118,u,75,u,35,u,8,u,0,u,12,u,34,u
S08000025,201208,7,u,7,u,0,u,0,u,0,u,6,u,6,u
S08000026,201208,4,u,4,u,0,u,0,u,0,u,4,u,13,u
S08000027,201208,95,u,76,u,16,u,2,u,1,u,13,u,23,u
S08000028,201208,10,u,9,u,1,u,0,u,0,u,3,u,11,u
S92000003,201208,840,d u,653,d u,148,d u,35,d u,4,d u,9,u,27,u
S08000015,201207,53,u,22,u,26,u,3,u,2,u,21,u,35,u
S08000016,201207,27,u,27,u,0,u,0,u,0,u,3,u,6,u
S08000017,201207,27,u,27,u,0,u,0,u,0,u,7,u,12,u
S08000018,201207,,:,,:,,:,,:,,:,,:,,:
S08000019,201207,49,u,45,u,4,u,0,u,0,u,9,u,18,u
S08000020,201207,,:,,:,,:,,:,,:,,:,,:
S08000021,201207,319,u,256,u,53,u,10,u,0,u,7,u,27,u
S08000022,201207,,:,,:,,:,,:,,:,,:,,:
S08000023,201207,69,u,62,u,7,u,0,u,0,u,6,u,19,u
S08000024,201207,100,u,69,u,25,u,6,u,0,u,13,u,32,u
S08000025,201207,6,u,6,u,0,u,0,u,0,u,6,u,6,u
S08000026,201207,4,u,4,u,0,u,0,u,0,u,9,u,18,u
S08000027,201207,87,u,83,u,4,u,0,u,0,u,12,u,18,u
S08000028,201207,10,u,10,u,0,u,0,u,0,u,1,u,3,u
S92000003,201207,751,d u,611,d u,119,d u,19,d u,2,d u,8,u,24,u
